100,-315.1534433058424,-106.44012228954885,-100.82871926270467,-91.51680852544202,0
200,-338.03999120313136,-121.23201779679819,-110.06228400079854,-89.76132071970204,0
300,-287.9904348231849,-78.414831828951,-96.13564579352966,-98.64943783256923,0
400,-303.1277970785242,-104.25881208256106,-89.14032263476241,-95.5085026003754,0
500,-316.34484716960293,-128.5218889287571,-79.49707992393161,-94.40880719711392,0
600,-321.31570138470494,-136.93226407045108,-81.57757159321444,-85.79005025017776,0
700,-325.5231864488645,-120.74457173215416,-89.21903519734391,-98.28883068303368,0
800,-264.06575169781587,-87.72251227398311,-87.08874584326675,-76.39136832820151,0
900,-306.7880337066048,-99.55600102442399,-94.84045649751191,-96.34892522882008,0
1000,-331.5468803303665,-119.3416860694428,-98.82737549031054,-101.83580376475848,0
1100,-365.64422207862367,-133.37668371420546,-122.09596251994564,-98.5817040069255,0
1200,-390.96153089230216,-95.30504912505799,-154.75182322753045,-127.67642499055529,0
1300,-367.5869336919141,-49.91854146131419,-173.301540914186,-129.76574398929574,0
1400,-246.01620406323872,-51.54711776144891,-53.13053288832024,-130.28739605503222,1
1500,-271.3525915694538,-54.90538294709418,-51.83480316671492,-150.12266477513333,0
1600,-341.5362897598745,-51.97616778481796,-58.7062205509181,-217.94827488777827,0
1700,-292.992246922286,-54.85036658969684,-51.6172959328308,-169.47827797060253,0
1800,-238.5350880549336,-56.60432033782171,-52.856238819449025,-115.63513237217163,0
1900,-183.0973395798662,-56.08290095849524,-51.86044626657421,-59.35061837161685,0
2000,-186.55233932332283,-65.54499490800427,-51.75564770999241,-56.48615773870126,0
2100,-188.8188951414153,-72.46186505778533,-52.894212768191736,-49.07536240531489,1
2200,-195.30694563098547,-73.6181003131828,-52.36955984604964,-52.61166393419169,0
2300,-185.76781123766358,-53.92475013719399,-57.653915458596,-54.6813067645927,0
2400,-189.1248589851326,-68.26244207122052,-53.701033679850156,-54.3841008626985,0
2500,-178.34728765217304,-63.65867293575126,-53.078881416235625,-51.696050962490524,0
2600,-200.96744911723,-71.24394570692861,-60.01243470446945,-51.46796810306594,0
2700,-182.8783055824176,-62.469985748457994,-53.30580134046115,-54.12472258496278,1
2800,-181.14666084456778,-58.627801266358176,-56.85718293834248,-54.073264965371656,0
2900,-183.67822591731172,-52.40186421829773,-53.700557558293156,-62.786140391992895,0
3000,-169.18283834685616,-52.424747284195966,-51.78723447595832,-51.57670682243832,0
3100,-171.57162450358504,-53.05110945735931,-57.57489343552294,-49.72699337039937,1
3200,-178.04726980773546,-53.177603640552476,-57.23491579403836,-54.545992181063255,0
3300,-184.98545197407452,-52.96693930740679,-57.8957049924535,-60.344092842516986,0
3400,-176.8926937741973,-53.07494164182222,-54.57311800080828,-56.46041662043085,0
3500,-174.71334939648463,-49.9097190401946,-49.31475362240096,-59.8374499404501,1
3600,-171.01739456182554,-50.078489985844044,-51.999109772925074,-55.673693145175655,1
3700,-184.7631266193078,-54.77668915694724,-59.895497144446935,-55.80731991063657,0
3800,-187.45957136893696,-54.81501504925583,-53.243767744556344,-63.52028410940228,1
3900,-198.5948889672112,-54.339278814454985,-68.43315625626433,-59.25574339436606,0
4000,-207.95615764811333,-55.70276752512122,-73.95782526648416,-64.59233976069545,0
4100,-199.22990010021758,-56.43801158823225,-64.33017875840675,-62.68822067434198,1
4200,-195.10460959500296,-57.90684975255198,-56.76777926509959,-64.13011321283624,0
4300,-194.9450365916273,-55.554876357131576,-53.5932559342234,-70.5956927978526,0
4400,-200.69639730642118,-55.27318855832946,-56.44346484886159,-74.0037598256665,1
4500,-213.98461662379185,-69.78355147366635,-52.706551700477085,-76.13980658617461,0
4600,-213.51535960847815,-82.89047993286133,-51.780029989482834,-63.72964883525576,1
4700,-201.01261782167356,-63.00988686159001,-52.37972107032303,-71.32498511023911,0
4800,-214.41869905571042,-73.99968483492007,-54.54922301470807,-67.83065322811063,0
4900,-205.71974217557673,-64.40017795861871,-55.36253801701372,-67.70101611156703,0
5000,-195.22560220628253,-62.62582961792197,-50.4403767196267,-68.72525324471596,1
5100,-183.07397449138472,-61.80796309813563,-52.630658186480204,-56.79638985534546,0
5200,-181.670477052954,-54.131463236121974,-52.98436571274324,-58.14185039782398,0
5300,-177.90364300963682,-59.69003019868822,-52.00853122210033,-52.199244125673076,0
5400,-175.9396061362251,-53.4093600125382,-54.860763068820845,-53.694946467386046,0
5500,-176.78151131719824,-60.957607153545105,-52.133553143533945,-53.321111079516314,0
5600,-169.05580946665134,-52.75517381327037,-48.97161527850391,-54.69949043173996,1
5700,-179.83077875749976,-54.683673372627915,-54.188126668386204,-57.108237913344475,0
5800,-177.30638124514405,-53.80089528794491,-52.16310637417659,-56.04765947530674,0
5900,-186.60568446091497,-64.92703882168743,-53.88482308970438,-53.87797063735269,0
6000,-172.97860035413203,-51.89522758686978,-51.88159164948419,-51.26073227496746,1
6100,-169.52568302488413,-53.89701217076634,-50.76817165000809,-51.3333645222533,1
6200,-169.76468056082828,-57.159942135971995,-49.5589059791797,-50.65598810497151,2
6300,-176.4082115994428,-54.62060956478674,-53.72726764932733,-53.47217321740033,0
6400,-155.92859847362678,-47.447692222928616,-47.77551756772768,-47.282936732108475,2
6500,-169.88641402096115,-52.23654365663063,-51.95849201677258,-51.5344820874447,0
6600,-164.33588096148935,-52.1128799410108,-50.482248334268014,-49.36600059132397,1
6700,-175.80200894118025,-56.90936902803468,-52.24601310156033,-52.14394555285838,0
6800,-189.5810791072712,-59.22931843061512,-65.58988560623297,-51.487813904131166,0
6900,-159.11917264633087,-48.796668243810565,-52.54334247767347,-45.831043884752845,2
7000,-174.7708701504402,-54.51693533046318,-58.00880346128657,-47.308161694585806,2
7100,-171.4878356623118,-52.71540394269252,-56.9101843774623,-51.249479307365746,0
7200,-177.66258502099777,-52.18141868344163,-61.10154099232159,-49.23846387934564,1
7300,-171.85737162155837,-53.50966516767748,-55.90660285311348,-48.854578294627984,1
7400,-185.26555787342303,-54.23297404994154,-62.938415095932825,-52.90360609531942,0
7500,-189.86978760506915,-58.25196116688235,-64.7020123595045,-52.64901024244202,1
7600,-202.25043508214512,-52.60591707732992,-80.47122469221706,-54.05905611630016,1
7700,-204.79986486772356,-63.27433955814435,-72.81425876597167,-52.299393100530594,0
7800,-191.71477610111725,-63.471323903161995,-57.673937355203144,-56.371663751729535,0
7900,-193.90996273296633,-60.3774866116079,-60.09632785073378,-58.11544146434616,0
8000,-188.5057252579897,-55.06715318342426,-61.18354808062052,-59.48973794610763,1
8100,-170.11971617023443,-49.83359720671999,-49.682107021680686,-57.45274919217641,2
8200,-182.7499505007616,-53.747389809344924,-58.82526108217271,-55.25510547436497,0
8300,-196.02470021603418,-60.48620146435636,-59.984069357196276,-58.113985131195975,0
8400,-187.20938130707162,-56.941060399835244,-52.8924034395561,-60.64799077038404,0
8500,-181.79495261464325,-55.84074233966882,-54.03412365540855,-54.52020446694819,0
8600,-182.93689504791004,-61.855914384329225,-54.709024297880426,-50.63753632962903,1
8700,-175.02732235775954,-52.85203596211756,-54.72955045468984,-54.70837097513991,0
8800,-161.3970934827174,-50.76705948337155,-46.768060742605094,-47.65657841518117,2
8900,-169.82171815809258,-55.568769565224564,-49.69530354615923,-51.5925168164747,1
9000,-175.03899933666276,-56.360541473514914,-50.756415617360965,-53.02719626610772,1
9100,-168.02073618592632,-52.63794342412251,-49.890280700230115,-47.8418922725878,2
9200,-164.3555470242708,-51.638222424445246,-47.10105555416394,-51.14073140051751,2
9300,-159.0943755152566,-48.63251321029326,-48.34276449912788,-50.301434581538636,2
9400,-172.76051640635683,-55.09848626252016,-50.31417524642266,-54.42879710910871,0
9500,-170.2997910076432,-52.22709795479441,-51.4020542176659,-52.616661726611156,0
9600,-168.90744555730424,-48.62413686944637,-48.653725859275376,-59.26741547188157,2
9700,-157.2397184661728,-48.68420805908731,-46.68517139380558,-48.461098506553036,3
9800,-143.01526656993295,-41.79078951213052,-43.18057772363386,-46.091768476141354,4
9900,-174.46784899504684,-52.17463971582461,-55.063933282799184,-52.25546262093031,1
10000,-168.24972650995318,-52.15578647075498,-51.5616348847572,-52.71647871184359,1
10100,-158.32514724854363,-47.937271710001994,-48.97427240185041,-47.110765476630796,2
10200,-154.02733423990193,-47.654341176490604,-48.39188982462286,-46.80131319847452,2
10300,-167.1544549517559,-50.381317853272066,-49.581089899474634,-49.287353345381426,1
10400,-172.18065206177107,-54.398113846562,-51.19996003441983,-53.584291204353875,0
10500,-166.7252956523693,-50.65851438052835,-51.294398719506745,-49.59015913539904,1
10600,-172.8035560454565,-50.827412335980874,-53.222942185561834,-52.431155662723214,1
10700,-153.9247180107378,-45.56666210915845,-50.77518332952181,-44.5659697587671,3
10800,-176.54219716363926,-52.92097273205234,-58.5444563817555,-51.454678953315124,0
10900,-171.8954009829414,-51.81920903421091,-52.44736939593493,-51.11235523018454,0
11000,-170.8210788706614,-52.65217228498548,-52.900451766927375,-51.608764713661195,0
11100,-170.8868090356994,-52.94047368763907,-52.136298660151695,-51.232074371210565,0
11200,-161.39229412262787,-47.690816730693925,-47.34202091127687,-49.75852234876903,2
11300,-155.1010197296604,-48.4337200115494,-45.98482527898366,-46.570402867429685,2
11400,-170.27393049364895,-52.413910557311254,-52.76368583665495,-51.76657027490135,0
11500,-161.63905751008758,-48.61189762255699,-50.48930914960602,-49.78263008971743,1
11600,-154.6526155525603,-46.88758934823241,-46.76187178227841,-47.00594372989005,2
11700,-157.17238568012058,-47.458808479490926,-46.67358515388066,-45.94296468272608,2
11800,-157.132982616455,-46.89502392648442,-46.465441975685486,-49.107850590862334,2
11900,-164.397418126457,-50.121787125840626,-49.30343830105948,-49.103737696241886,1
12000,-155.71149490320826,-47.253910829656846,-47.236471447129794,-46.5786161325999,2
12100,-178.6879916276833,-54.23289611410175,-54.82063837972959,-53.346889391775996,0
12200,-175.47051132704217,-53.09586905632536,-54.536903357751044,-52.15012754875395,0
12300,-176.29349754848667,-53.26527231876733,-54.917914585618476,-52.564259320416504,0
12400,-168.9338495697774,-51.55922953710358,-52.859037958819414,-51.52611299574649,1
12500,-175.82128791779758,-50.487712479430336,-53.47078235836507,-56.26001687204177,1
12600,-156.01097742970154,-47.31957341667642,-48.09797180541036,-47.25089214018297,2
12700,-160.65440269761768,-50.74601679761845,-50.56680795253459,-49.21258102531803,1
12800,-172.48359653565564,-46.913122345537246,-63.94882311001177,-47.977941566152495,2
12900,-183.97855946845397,-52.29104274239375,-62.23099465656774,-52.79390365947806,0
13000,-170.70396725966796,-52.05829014213778,-51.951287507352625,-51.500234548221194,0
13100,-155.4569145407548,-46.83606052837237,-49.42350993795122,-45.39229322832964,2
13200,-164.9461726067227,-48.8975358761156,-53.82762373673304,-47.522690820853256,2
13300,-177.51186694175078,-52.077088937147344,-64.04097204050774,-49.753489224137276,1
13400,-177.1300149477701,-53.337008054230864,-59.716542612288706,-52.27891927470061,0
13500,-167.12423276839937,-49.97695820629484,-53.87148307953653,-49.132922529506025,1
13600,-161.82890658187523,-50.28037366192337,-49.0847152127168,-48.85730460285097,1
13700,-180.14080467213162,-52.34178251722097,-55.28211351275511,-54.38919507512026,0
13800,-169.98123334107606,-49.61947160316463,-56.270959993951664,-50.432325331043955,1
13900,-171.88117935726936,-52.29199674640307,-54.85419446686993,-53.12211420130585,0
14000,-156.8375152217246,-47.595384489568495,-51.31013995399556,-46.69908816303857,2
14100,-164.52000122645993,-50.27284324810914,-48.944152831446196,-49.617856752605114,1
14200,-167.29771450659925,-50.84069211707743,-50.84271960103475,-50.39395008141988,1
14300,-177.97155329623297,-56.25732436480459,-55.04164916240545,-51.82077069607537,0
14400,-159.10253307424037,-48.531531167932165,-49.34477287844045,-46.14218802868312,2
14500,-174.00626751726313,-51.446290820682854,-54.40648580245462,-55.84423764242176,1
14600,-171.13341022700206,-54.61382923927382,-53.79501833511216,-51.835683371938785,0
14700,-158.3576598773652,-51.19943312711443,-46.081013598996606,-47.25317194128914,2
14800,-173.93323634549023,-52.778492139963184,-51.88035264946471,-52.99985269461752,0
14900,-160.31145560866514,-49.734765756494156,-47.01931098442062,-46.846386339976355,2
15000,-161.97329816268245,-53.972587763760004,-49.06735954837047,-49.11069237526066,1
15100,-175.42184354112982,-55.69041457731533,-52.88059310829873,-52.70293563984248,0
15200,-171.4874213546963,-53.62072774907974,-51.39859951053125,-51.38749388043216,0
15300,-173.94580429470844,-52.4941293830807,-51.89113206421701,-55.44908038039951,0
15400,-165.40827403411666,-50.028170259696324,-50.25611791926443,-53.36971837406418,1
15500,-160.62591641973378,-48.06615897246899,-49.05777860720783,-47.38042880122336,2
15600,-167.74696518845718,-52.453406619715544,-52.002328154184745,-51.68461190667586,0
15700,-166.6085976111851,-53.95224365684946,-49.27569261330977,-49.21703084965786,1
15800,-176.25874332290326,-55.027161849593746,-52.20706813668217,-51.94700975367701,0
15900,-168.36934985914368,-52.53680589646001,-52.24758046935991,-49.61459161475272,1
16000,-177.44193446736006,-58.33515200243359,-52.547424885122965,-52.01616330519954,0
16100,-167.8830347362443,-52.77734184712091,-54.43847659977002,-51.389940394912266,0
16200,-168.16161216564146,-50.80604656914798,-53.29957333898667,-49.22789554028646,1
16300,-185.9892709757133,-53.342717542949934,-61.31371079002516,-53.38668416978422,0
16400,-176.8078395078456,-54.960684672500285,-54.728044836581276,-52.07303249694749,0
16500,-194.3893095762695,-65.47363033787697,-57.19282186170384,-53.12750108184287,0
16600,-180.755709696209,-53.92637249186169,-56.46412068419929,-52.60993638281685,0
16700,-169.27525495048957,-50.516649350934266,-56.286706215462985,-50.704574001945936,1
16800,-152.00781552124909,-49.11550875078725,-43.976624236382705,-44.11590279927902,3
16900,-167.37714898964742,-51.15949895212117,-52.96327880455774,-49.27527332222599,1
17000,-176.34074851158613,-54.5920895959203,-57.30371734008446,-51.481898015398876,0
17100,-177.5268170671829,-51.29622990035804,-60.71143068392926,-50.32935228852522,1
17200,-184.1641246034182,-55.821786020439575,-61.795020401607474,-53.90608769879137,0
17300,-180.24231384886826,-55.311730909557056,-56.812519125717785,-49.753990559184096,1
17400,-172.1367058601871,-52.74471493307473,-52.764958482151314,-51.59672527681555,1
17500,-181.3750047852573,-54.27694480107044,-61.508411020816105,-51.09697291142838,0
17600,-192.51059285897117,-52.609747378345844,-74.64340685438516,-51.76058025288581,0
17700,-177.2081509603388,-52.39043938697075,-57.05284444140626,-50.78118145166802,1
17800,-171.19786685417307,-51.342338423980344,-56.40279491699737,-50.711574057692445,1
17900,-178.80756535376764,-52.623929975606295,-56.95965246291118,-52.948003643604025,0
18000,-168.08821032516232,-47.94912773683996,-54.33505550777697,-50.537496679247425,2
18100,-178.3421596611597,-53.09978522895265,-52.016511713815945,-56.675792318005676,0
18200,-180.42155187158693,-56.108015764678576,-55.309480784810795,-53.76218283975686,0
18300,-164.08360741573205,-49.44279824011428,-52.55914986128869,-47.58114898175433,2
18400,-163.2519527274035,-51.59196047488497,-51.64497614010888,-50.224172587318236,1
18500,-173.76143846930847,-49.84387432086082,-57.15764734185534,-53.25511027581629,1
18600,-168.77610847486486,-51.0136876340877,-51.85271000987317,-51.3174224821738,1
18700,-179.42082744732647,-54.2983696559694,-56.53800327112786,-53.91179524624308,0
18800,-160.3762580764827,-47.54229052831172,-49.08457347330668,-45.96267445259958,2
18900,-169.38451780674552,-51.1527022735429,-50.40157940518839,-49.97958476532292,1
19000,-163.96289029651868,-50.58643942923407,-47.95002849060356,-50.48872752646866,2
19100,-164.78319383883866,-52.99120257690693,-51.62091540139725,-50.17562236305011,1
19200,-181.85563101720265,-55.33482212599989,-57.29036635886253,-52.48231964545248,0
19300,-173.931385371621,-54.72604261108629,-54.012937843533145,-52.15215358735368,0
19400,-178.25950893478333,-54.208950379843074,-55.05687704612723,-51.455312216674656,0
19500,-182.18086107967795,-55.47810090648632,-54.40341709419746,-52.36575345993103,0
19600,-180.17996223964556,-55.01022685166387,-54.705974429866366,-53.93264601168295,0
19700,-168.58336005913574,-51.25277083386153,-54.37937053473447,-49.271460514774496,1
19800,-157.73847297235898,-47.83283078024727,-49.16252090813401,-46.76621974610163,2
19900,-161.2352845571147,-46.7557222134975,-54.91697283151381,-43.009174064337664,3
20000,-166.76160785094308,-50.76923943631945,-55.49213108920433,-48.52984196178773,1
20100,-164.061248444986,-50.72383750609922,-49.56784506934955,-48.634674391593926,1
20200,-181.94922391566072,-63.17562566546677,-57.09854246009654,-50.12711164472722,1
20300,-174.4275509357636,-55.68607704390037,-50.966412928894236,-52.462424355892665,1
20400,-175.87927639873465,-61.67698008329159,-52.05634736489619,-49.76576023177858,1
20500,-190.91068355011714,-53.617672118987336,-66.6678366310899,-56.357310531144996,0
20600,-166.47082563371788,-51.047901624822565,-53.97135571493783,-50.88020999889299,1
20700,-180.35828894026474,-52.097808393633166,-57.823410383851325,-54.14023783694699,0
20800,-156.0739309957307,-41.036280218728926,-55.907405597322075,-43.58878819983,5
20900,-187.70691820565173,-52.73818656386656,-65.65391669073806,-52.20661762564252,1
21000,-159.28775028369432,-50.80728629844942,-50.23645175077195,-44.41377382625716,3
21100,-190.03867500257107,-60.59122371928183,-52.14030995198202,-61.39631901019789,0
21200,-180.11467428501447,-53.78889558438002,-50.26282633005135,-59.495521727481695,1
21300,-155.16165535167463,-47.07419191309377,-47.78244774263973,-44.74325320483565,3
21400,-179.36421198108448,-54.14565298149319,-56.30310940104022,-54.035466599009,0
21500,-147.14136134376923,-43.82928277076406,-46.44001543551345,-45.25835855891894,4
21600,-154.44562424299173,-45.941875598050146,-45.74708144179743,-47.511006127191216,3
21700,-163.6151189449683,-49.04684882455089,-50.79051264237708,-49.836405210357654,1
21800,-163.3559255760594,-51.19012513791778,-50.08085230610751,-50.00433345648603,1
21900,-177.79233468304656,-59.21086598958884,-52.25400703299399,-52.48228655388928,0
22000,-173.40464105765207,-51.794253139430246,-51.95033159529164,-52.65485380548648,1
22100,-174.90338900091444,-58.85808913649232,-54.18715286355415,-50.0325175416431,1
22200,-163.11985553094763,-50.216280468612894,-51.6034317888487,-47.216288999841,2
22300,-176.1872957516697,-55.6026826248023,-53.828895197166986,-53.1754053624504,0
22400,-195.42286488418648,-66.50810798476478,-64.50968542284078,-51.89219921034946,0
22500,-167.43440894588156,-53.42087018401671,-49.90522018761214,-52.24186681035943,2
22600,-160.16626814878867,-52.80370691390762,-47.5844308688841,-46.52399414180052,2
22700,-178.1277646190566,-57.20560049231577,-53.52505090876051,-50.63488905393842,1
22800,-188.79626818902207,-69.31652875027166,-50.82284385120273,-52.34410724602247,1
22900,-186.8457088319927,-67.48503411868538,-53.58013415221697,-49.65653699671043,1
23000,-176.18346931677786,-52.62549355736272,-58.19512706765283,-52.4689757969734,1
23100,-186.38584803139904,-62.87471164509836,-59.09375080816548,-49.930368148841914,1
23200,-181.4070559412026,-56.27877704195449,-53.30560627813641,-54.99309456656597,0
23300,-181.99222082556997,-61.763525545475,-55.40468179472116,-53.96429993438177,0
23400,-177.5360944156877,-54.269364996045695,-53.76521443191472,-53.491520438266654,0
23500,-184.1065180301157,-63.35010905236894,-54.1761226343333,-51.524713110713854,1
23600,-181.26780882562656,-51.93902264408349,-61.047844238167755,-52.03108281478492,0
23700,-166.2116327158566,-51.56775732349368,-51.17795102394933,-49.425482887321095,2
23800,-182.87089084977598,-54.899508626684046,-57.23892026204866,-55.394624520099256,0
23900,-161.71650680514287,-52.127454767542794,-48.17872833096814,-49.643747756622915,2
24000,-168.70982184658217,-54.07994098395387,-54.01383476551256,-52.80574194789406,0
24100,-176.95188230930927,-54.23189909560656,-54.86822582648452,-51.902842068901336,0
24200,-180.42231916710188,-53.625514839896184,-58.697115284660164,-51.943211183695574,0
24300,-144.16811043790898,-44.266868041165004,-43.89962364552546,-42.39991348300886,4
24400,-181.45805793630825,-60.30636796985494,-58.479185659925285,-52.30399062266737,0
24500,-186.21782335276427,-56.83402058489448,-52.572021661360786,-57.751812250677865,1
24600,-189.9168848116137,-64.62199744034466,-55.40912242331167,-52.63701540156333,1
24700,-198.45878641726492,-64.9317839541419,-56.362230741906096,-62.5820897086937,0
24800,-212.4455488854726,-61.748750748107824,-69.48934575196003,-66.44717529043466,0
24900,-181.80662984059464,-53.346353390634505,-60.443492659272344,-55.665559184214146,2
25000,-193.57435222354698,-62.98432354889993,-60.99234869599085,-57.512611578749855,0
25100,-178.09613018495693,-51.28436611755682,-53.30769388932315,-61.7511952743248,1
25200,-192.85915765895027,-58.459399821402215,-58.329358270840686,-60.654668280450736,0
25300,-181.60027000160963,-62.39363916566503,-55.45863877003386,-47.56416663041595,2
25400,-173.11908968675473,-54.99910271708993,-50.643519093221414,-49.737014147499124,2
25500,-179.33537124452334,-61.68958295785654,-53.0843150798876,-51.557649088144714,1
25600,-177.8451718683995,-52.30907914323465,-54.88582163927792,-53.228513228945886,1
25700,-158.70542556255222,-50.45581100438463,-48.20450492002779,-47.20781464071712,4
25800,-197.29205574740703,-64.58488153825436,-55.98991763071204,-61.56731208529173,0
25900,-199.44787317679095,-55.07971831098173,-55.61563629149908,-69.08622735711867,0
26000,-171.51085380660564,-51.162186331671755,-50.88494556878393,-56.0887238040397,2
26100,-181.351305257855,-56.166394995177164,-57.358864624215656,-54.49093736533414,1
26200,-174.4480834777158,-55.093328573396484,-55.77325771934228,-52.00721542311233,1
26300,-166.86995693304902,-51.374755077808956,-54.60089521253525,-47.02618921761037,2
26400,-177.8785203222442,-53.37976773918941,-56.716085313411334,-53.63852344037895,1
26500,-190.46026497061263,-54.8616689736572,-63.49973632684314,-55.97814864120891,0
26600,-180.94700951812803,-51.949839706809165,-55.62988722243644,-55.93079785502443,1
26700,-197.99651167090383,-58.95228987109976,-74.3073730239073,-52.25920526337936,1
26800,-196.31357162569086,-48.763407711970096,-77.84955436298372,-53.62066667103254,2
26900,-186.13318341261092,-48.29425993693609,-76.84019268092605,-47.033542829728695,3
27000,-168.04399376384802,-47.63897059391812,-60.22456958090108,-44.667360376786625,3
27100,-180.34927803403218,-51.830433100357304,-61.82636831381451,-52.5748152702241,1
27200,-164.19697742971238,-50.975339854077816,-51.85746347371654,-47.96019883692079,2
27300,-149.91451093810784,-43.7296791143137,-47.88122453714092,-44.15003211757475,3
27400,-176.57708056270639,-56.254949598135035,-55.08381330360254,-50.539477422564126,1
27500,-160.17212565428363,-49.26315920709689,-49.05668009640291,-48.25428099070384,3
27600,-145.8958344904664,-42.05772878726076,-42.60079530435988,-48.42357130671105,4
27700,-161.70564303792492,-48.817906267686155,-50.34413059889009,-49.23017668892245,1
27800,-177.22537249882618,-63.38247883710323,-49.65860495330627,-47.17118372740334,2
27900,-146.2349520590969,-45.11194306883837,-46.48722108483781,-42.47339524019683,4
28000,-175.62203121224175,-55.03134001341405,-53.128361544575036,-49.34646204942432,1
28100,-176.7476870630602,-54.99408887299259,-59.49492027861169,-48.26143353575263,2
28200,-186.12251357634966,-55.16485928688426,-56.100784333696396,-56.15148252967046,0
28300,-169.3747384665763,-46.893988734134425,-52.91058170707417,-54.73110677502308,2
28400,-150.47470060616533,-44.72585829782245,-46.25299855702412,-44.95386372788699,3
28500,-159.08358745338558,-47.69646794966477,-49.1868786523984,-48.74839954242081,2
28600,-164.29314090317425,-48.406695715859435,-53.453624125163266,-49.03500388576403,2
28700,-193.72904221154994,-53.548073481739905,-63.86795565245938,-59.1419886141052,0
28800,-181.56541055121096,-55.037698324352924,-64.42578113956897,-50.81976545891679,2
28900,-154.16697374049372,-46.67149100970252,-46.35111203139043,-44.72697223931772,4
29000,-193.9596871519266,-68.40751914686702,-56.160476663242065,-55.8166104077055,0
29100,-185.601872742226,-59.12647371062271,-61.122269664123124,-50.141131824709284,2
29200,-173.40064960475084,-49.864372046919726,-55.721691641715346,-51.9049562808568,1
29300,-151.64278924308783,-44.01057814671717,-48.41707692901251,-45.840376882593354,3
29400,-166.54287538452297,-50.347417246955395,-53.382124905516505,-49.42362071836734,1
29500,-177.95262821721505,-54.10794617120248,-52.613601227772364,-54.623950181161874,1
29600,-147.41744199133333,-45.602068772657915,-42.25201035305886,-45.2018507783709,4
29700,-164.2966715941509,-48.29259479815262,-48.97060474071434,-47.533150884170446,2
29800,-155.93674163262241,-48.47189625179629,-46.45697805824882,-49.05335385034519,3
29900,-180.95556311563493,-54.42157713892138,-54.3597929247697,-56.75863624301055,0
30000,-182.77134193253897,-53.31782673997208,-58.115957070960285,-52.40225261142242,1
30100,-169.91125809311157,-50.90681899519456,-52.39855130211011,-50.707466767636475,1
30200,-168.66649863039817,-50.26465178636769,-55.494250168110426,-48.64402402133195,1
30300,-164.67628853247533,-46.67889641613713,-55.1439851408119,-48.578111242523825,2
30400,-185.0475036439792,-55.29768778048503,-59.138062769617115,-57.51592759184044,0
30500,-151.53380988356744,-47.45271672040011,-47.08774646603924,-41.511628506749375,5
30600,-194.74040838418313,-58.812220824139416,-68.81207114823141,-54.882473810076625,1
30700,-194.3600373357619,-57.76543311567721,-64.93611587285356,-57.661719804807106,0
30800,-194.3664973801218,-60.341043223312646,-61.841876612988024,-58.67789131334849,0
30900,-173.06613091098063,-57.104531847125735,-49.58272901352498,-53.05045068644215,1
31000,-177.7444691644391,-53.54486223526201,-56.07420703667899,-55.98991438855823,0
31100,-184.09932857993638,-57.32562213943152,-51.94484298894658,-59.849787835338404,1
31200,-155.39682430032542,-43.948585771139726,-43.225084986433586,-53.736297858281105,5
31300,-192.33628797555676,-53.196630247329075,-53.23781701203521,-70.82046361838144,1
31400,-186.89220915908325,-56.24015061067377,-53.904521817156535,-60.98208828975126,0
31500,-173.7833072450386,-52.833796675398126,-48.809753538797644,-60.358022875403805,2
31600,-199.59327566831746,-56.929826051870535,-52.522193532602614,-74.18445020071906,0
31700,-184.61693177273744,-55.019082316513874,-52.755318785472646,-60.78088526769512,0
31800,-189.40872079512636,-59.18524776316256,-54.44087849948329,-61.670958523118614,0
31900,-187.88711784372128,-53.774996519303784,-52.72757998170327,-64.4152324884296,1
32000,-200.1455730080222,-59.79474524874829,-57.337715416510626,-67.84000521984274,0
32100,-190.7617409339574,-58.10550218578369,-54.7350001476734,-67.14768533441804,1
32200,-199.60032656573128,-63.467602738007436,-52.23290421711639,-69.60331947725787,0
32300,-189.6870491524269,-62.78580710079911,-52.169499948977965,-58.02949877213219,1
32400,-173.21802812814548,-57.577603984513054,-47.98823060270044,-53.485683829066176,2
32500,-197.0128729707857,-70.15498301234203,-55.76836748525191,-55.58940225743926,0
32600,-193.68523139351825,-63.31516176687133,-57.31891165675281,-60.843927101432534,1
32700,-174.79047065911186,-53.824674168197795,-51.29613592685726,-57.00857835865794,2
32800,-181.41731239864095,-63.20488031689456,-52.02406888450403,-50.113521574038074,1
32900,-205.87557403859617,-86.65072845916652,-51.7463745555415,-53.33118853283349,2
33000,-190.06838172775187,-78.97117346078139,-50.86007263065735,-46.52551598776258,2
33100,-179.94866263768628,-57.597739492183656,-53.16869380381598,-53.2316103083229,0
33200,-189.37885388323195,-57.60086275357276,-54.959441723181,-61.04245067542787,0
33300,-161.16160745533986,-55.187395087831284,-46.482898437132654,-45.57817108849852,3
33400,-174.6984967690727,-55.49138451144635,-49.859435497413955,-53.76160089862472,1
33500,-189.0642573856992,-62.27715830828693,-53.00526648134363,-61.69381273001965,0
33600,-168.83851975974608,-49.424814630607564,-47.84439337160217,-59.08364116881279,2
33700,-172.76142681926913,-50.48906455875255,-52.421234783991174,-54.386939222229145,1
33800,-168.73991302704698,-49.519687828035615,-49.96795220674831,-52.604726154648354,1
33900,-164.23688650287852,-53.537464648661334,-47.92387992537913,-47.02979820683612,3
34000,-184.648335341239,-55.52734772382562,-57.176939202365766,-56.357124760541346,0
34100,-155.04603167296312,-51.10500836778349,-44.50076903331107,-45.266945628548186,3
34200,-171.5516877284967,-52.59511475237836,-51.88498711483715,-52.10472231915515,1
34300,-183.45817354659658,-61.18592806067408,-53.699212529248506,-52.62621387656859,0
34400,-180.11303533167492,-54.11661625979615,-52.76136167147886,-57.91147014027046,0
34500,-161.4495389000398,-47.77922804198276,-48.16921631316257,-49.41505329529373,2
34600,-166.75073002815444,-52.05543469509325,-49.20889572996851,-50.6914384517394,1
34700,-168.37540220497328,-50.70165954211308,-51.66213221157676,-50.6453329973877,1
34800,-170.98323177876756,-52.92277344162795,-49.62517698863997,-54.02727167737434,1
34900,-160.50358203563871,-47.67848347907144,-46.73490017366205,-49.61104887296031,2
35000,-149.92269904139755,-45.21401930382187,-46.062336060483034,-46.29831956205327,3
35100,-172.93572349019325,-54.70718513618286,-52.27066366352857,-52.01761542489894,0
35200,-164.6509423046286,-50.57353600412969,-49.82222109927517,-52.00586341179387,1
35300,-177.09284267695176,-56.1953342629336,-53.38840191319584,-53.18342620228117,0
35400,-157.86139942027935,-47.538985965245146,-45.11823970628799,-48.70733944963808,3
35500,-166.40727342285908,-47.47175435036382,-46.66894840765745,-54.944591219642355,2
35600,-152.1948900458551,-42.459584470389345,-45.86175997365862,-46.92804428740413,4
35700,-135.76825872912895,-41.13769646763988,-40.46822506958326,-42.504887880793234,5
35800,-181.76066904263192,-52.68301499769567,-57.38360092872244,-56.31874082918338,0
35900,-163.45832133055305,-48.41150160354171,-49.75474141048862,-46.509044089545995,2
36000,-155.58000108054537,-47.50434031407005,-47.7473796589729,-45.605252825300404,3
36100,-136.14370690314882,-40.548393511449774,-41.35282742322352,-41.09900386909427,5
36200,-165.89177300398518,-49.85294251416054,-52.52686020362508,-48.74037509457582,1
36300,-168.14620265223363,-53.50983374942903,-49.99831476543588,-52.544816433510086,1
36400,-169.6297109018908,-52.75976121699866,-53.69622039113087,-49.435477510853076,2
36500,-169.4802961783112,-54.19627196358396,-51.07084975082866,-52.381919256365734,1
36600,-152.65644604607115,-45.01281959847166,-45.97235601716611,-46.361123433360255,3
36700,-167.93757579335642,-52.614091415208264,-51.68020228762108,-49.882431773035165,1
36800,-172.32213250265926,-52.59270035387287,-53.15118845972227,-50.864116551064974,1
36900,-183.66354452647838,-52.816739314188744,-60.02135073422775,-58.19571977423588,0
37000,-180.61666831745458,-53.39042754217874,-60.15651339482981,-51.49988343797313,0
37100,-181.60165735404695,-52.662107892359536,-62.5149094000136,-51.716443277204654,0
37200,-160.85071594233165,-49.95845799986903,-50.6529251397452,-47.77046917757739,2
37300,-181.98460687544494,-52.50711288881419,-61.50335954445936,-54.644656281573724,0
37400,-171.97830991145872,-49.339688715168194,-56.97662244205639,-54.881800764815246,1
37500,-170.9774434261769,-57.801604331060425,-51.46011256061875,-51.3246651458037,2
37600,-158.83901956416696,-52.56786054881706,-46.01925866289838,-44.99495886113418,3
37700,-182.48410948090975,-54.263699997438486,-63.612772487261054,-52.39398662381402,0
37800,-165.63437457687658,-52.32697315198164,-52.011390116991215,-48.088675476036805,2
37900,-145.49064670739924,-44.452121666446075,-49.15904834115298,-41.4389776536271,4
38000,-152.43950306006295,-45.788421579581694,-47.59677586743106,-46.732189646588274,3
38100,-169.58545096451363,-51.42100143676761,-58.07657247018216,-48.613494905780264,1
38200,-152.73739333037346,-44.95975212668214,-48.633313588228674,-42.851775242591195,4
38300,-172.99824698717921,-53.44984288720305,-56.790754728603204,-51.3085436897486,1
38400,-161.71744446962987,-48.34379247799218,-48.57978154584207,-49.60127050734672,2
38500,-151.9765834650733,-48.21960111786043,-46.09129351925513,-43.647121310219916,3
38600,-137.47052228694983,-40.152848461939186,-44.01209047892904,-39.808285580521826,5
38700,-151.8228686929835,-44.000525615882104,-47.54723873542695,-43.64292635798018,3
38800,-143.94387844907152,-42.01297114909004,-46.92759831885955,-40.90683855128716,4
38900,-167.82361005391093,-51.05006097353137,-51.45958755768375,-48.227088956435665,1
39000,-166.66369102029353,-50.19906611166704,-54.84391145240342,-49.464726133693894,1
39100,-174.51410476634123,-52.390189391971205,-58.52449079427756,-48.941101512876386,1
39200,-149.40506832613767,-43.92735229686192,-46.68844931514985,-41.54388759004938,4
39300,-176.08883369451175,-53.35554802413419,-57.39118582507936,-49.82830628175488,1
39400,-179.43834513159277,-53.194516235311184,-59.12784830012171,-51.83721836842474,0
39500,-159.55627347323443,-46.56403681736142,-55.855388984035955,-44.12383363988804,3
39600,-181.71852260084637,-54.09005818245335,-60.633242259903724,-51.283329584550444,0
39700,-184.25176554199632,-52.5518141708563,-58.15777754021079,-55.86886419674336,0
39800,-151.5574079277049,-44.482288576785706,-46.13457340338751,-44.582552096975334,3
39900,-150.6765061052911,-44.08455826001929,-45.75518054359008,-47.46703608211393,4
40000,-186.04829760764653,-53.043512613003074,-55.719958783505035,-63.79108112403596,0
40100,-178.60687963369605,-52.223096431185766,-53.23248554464836,-56.30699878642106,1
40200,-165.25457090457527,-50.43746577145537,-52.66903520627291,-48.45883219880507,1
40300,-169.77940316679903,-50.17573433294783,-51.953815628329714,-53.665445299443434,1
40400,-168.8642989690911,-49.97879984513062,-55.741592466090296,-49.03406633664443,1
40500,-169.80567262521564,-51.15324705425752,-55.00958859450215,-50.868059820565776,0
40600,-178.35664216134563,-52.1300382866776,-54.794454122354274,-53.26410006362963,0
40700,-159.22252605299002,-47.608605972306,-47.2215255592753,-46.89786890149294,3
40800,-171.5608879137315,-50.20267574356231,-51.16419947759321,-52.73812250230387,1
40900,-157.01030444553507,-49.09953605664964,-47.57206937931957,-48.82056649727751,2
41000,-164.79914802377243,-50.63929617050797,-49.660046043958225,-50.9067664408139,1
41100,-172.7755080198034,-51.71983790458818,-49.76303573204646,-57.756474750960386,1
41200,-158.951345692839,-49.34212903779994,-47.2905787713692,-48.412263539116026,2
41300,-179.6330167177286,-58.537980257803355,-55.17106531532685,-53.438599832382536,0
41400,-171.3979690189779,-49.72040754928619,-52.7992740258634,-50.16576130692713,1
41500,-146.83041873347344,-45.972960080768054,-44.53030252819368,-43.31738413874413,3
41600,-171.72372295421386,-55.9722939073485,-52.15663679622848,-51.07500777342636,0
41700,-172.314237929238,-52.808148578862635,-52.96731514247685,-51.67952809531815,0
41800,-173.25436983812847,-53.08185592873262,-53.296167571139456,-52.16544390211575,0
41900,-149.81103081564206,-47.166365580984895,-45.06036849181241,-45.303663983964846,3
42000,-161.07785779080922,-50.001564266478425,-49.86119499171682,-48.4049752079821,1
42100,-157.79143420112544,-46.53033998111541,-50.89719571590504,-46.34685293982164,2
42200,-168.2091917478249,-51.701910201658976,-52.70547751598543,-46.81637418844444,2
42300,-141.84618691444405,-43.938315913002185,-42.74199785030421,-42.161417310402165,4
42400,-163.58302985894616,-48.84499272816487,-49.960529955137375,-48.18727881628069,2
42500,-174.5596798934924,-55.41039337626977,-52.366632487594934,-51.41379018108189,0
42600,-149.96850110624354,-46.7489335363471,-46.196303351048385,-44.51621893450702,3
42700,-148.63207837596457,-45.68498228133359,-44.77585592584339,-44.076554168084776,3
42800,-176.76976294207006,-52.82512655186842,-54.20506091074653,-52.02776252366104,0
42900,-157.46017749823937,-47.976692776847166,-47.758500476007555,-47.66512022594916,2
43000,-166.32282904411682,-52.68546398133656,-49.69966811204577,-50.74164266791559,1
43100,-155.52360244339997,-48.80550339481701,-47.379287327104045,-46.29405837950218,2
43200,-161.6443033449846,-50.26365579528325,-50.34672318066874,-48.953803697482975,1
43300,-165.57297015502388,-49.522725238989004,-49.944278741406514,-49.186902019209484,1
43400,-171.83194105851445,-53.07285264863709,-53.50532393708103,-52.21268855653979,0
43500,-162.43525584648683,-50.861060094670464,-49.82845981988481,-49.32726789013075,1
43600,-153.11742350847567,-49.82727404622022,-44.9388355223815,-43.88894452864863,3
43700,-155.62618092836487,-48.017841171422766,-47.369351491472905,-46.32283993128632,2
43800,-157.37176194970175,-50.09248715216057,-46.847224903828845,-46.503519980648754,2
43900,-159.42778641630804,-50.805158671899,-46.97819111496645,-46.419842876890385,2
44000,-145.92982650286305,-46.6492764421227,-42.028553273124196,-44.255074347549886,4
44100,-153.59385549306208,-55.146802101856395,-43.002128321327994,-41.77339439902217,4
44200,-155.72947402399527,-47.571506757772276,-46.73875055745644,-45.827346797811295,2
44300,-140.38501411105227,-43.77441600252537,-41.26362100834377,-41.50338178785897,4
44400,-150.7797514151411,-48.12878645341231,-46.941073275996175,-46.28970906862723,2
44500,-167.29092001401312,-52.8538485620341,-52.2836135730832,-50.48967999172604,1
44600,-170.86870986659724,-52.325715666552505,-50.77150395034324,-50.42333894782622,1
44700,-178.39084479172834,-58.48023744546394,-52.16923577707489,-52.10902723315487,0
44800,-160.46352868819847,-51.541243173191205,-46.48634989484535,-50.12472077306343,2
44900,-157.6186378606045,-48.94499192174326,-46.86071215976615,-46.932183946777165,2
45000,-168.13447180157166,-51.814908189120985,-49.94320688483059,-53.230304336334555,1
45100,-162.4962537726298,-50.24507170343144,-49.35800410003762,-48.7493536076448,1
45200,-174.4969300468242,-53.450940457662746,-54.658607007949264,-54.2667731921949,0
45300,-172.5427755982564,-53.24062423231775,-52.4861066327548,-53.94876104998769,0
45400,-174.2562198016724,-54.09416699015073,-52.53541474421914,-52.11096117895801,0
45500,-166.8440415823443,-50.4845097122105,-50.71430132653694,-49.559583370620196,1
45600,-183.64767596285293,-54.14667299532907,-53.84769923788033,-56.02216775513618,0
45700,-164.63435265420776,-48.017021191234164,-46.76703041329413,-51.332496632256905,2
45800,-146.3439649943007,-49.715567464944215,-41.316176934991645,-42.14971699573932,4
45900,-158.12936804865205,-48.0578413966676,-48.16087956301151,-46.99929957378795,2
46000,-155.37619518133735,-48.80753080023071,-46.90124686930432,-47.110123326905125,2
46100,-164.43294523174254,-51.694357941702854,-52.272837332574824,-46.69259592795763,2
46200,-161.74418126983502,-50.926483847596565,-48.47010026885246,-47.43315450692203,2
46300,-178.6491160469276,-54.11325912988719,-54.396486030299315,-51.951638060007745,0
46400,-148.1623862069597,-45.22431900968277,-45.75375125603273,-41.81844488413043,4
46500,-147.19641958676203,-44.48963285694285,-44.87855881870424,-41.43074147072564,4
46600,-180.1139324103498,-55.371541886213166,-58.58415182691741,-54.67192164251452,0
46700,-165.34509676840756,-50.91284164581305,-52.20970356060424,-49.199451966384125,1
46800,-157.29791976083402,-48.72159563768846,-48.326604773494694,-46.4465955959332,2
46900,-158.30860946902487,-48.60425488225851,-52.34504587943398,-46.68146292587035,2
47000,-143.25519445577365,-44.85072043083711,-43.846521368171544,-41.435038064950696,4
47100,-152.9443241630226,-45.67484836935461,-47.394377561773666,-44.693798317278514,3
47200,-172.6321446682948,-50.606877942425164,-53.97375950215114,-51.77567505547479,1
47300,-169.8913641964004,-51.92865707161355,-51.06831344008076,-49.69248998162363,1
47400,-168.78427419321048,-52.56342014793138,-50.238713017661674,-48.99287394083874,1
47500,-185.95401680705712,-57.67532036423433,-58.666177383812695,-52.053587708859176,0
47600,-176.89473947008034,-54.28268058705775,-55.87524354330446,-51.726621215603245,0
47700,-165.36088747180074,-49.597533641782775,-52.431060196277215,-46.61622347260949,2
47800,-165.38078981678873,-51.48397348051887,-52.641137537601765,-47.25984045373275,2
47900,-169.98361695908173,-51.29077656118631,-49.78072377756927,-49.2894947766941,2
48000,-165.59453086040102,-47.854237650537506,-57.00751817783762,-45.12976074579553,3
48100,-153.8970965100426,-48.694290857769566,-46.0372103684834,-43.26990645586653,3
48200,-135.221091755735,-38.21598815309136,-42.47631097332225,-38.81201464508977,6
48300,-177.85411518144386,-61.068582349326725,-54.644829034999056,-49.165693304349354,1
48400,-171.79497609500686,-54.17975716867988,-53.32228987139183,-49.24966263983302,1
48500,-167.30334682624337,-50.38253635317629,-54.62605130181733,-47.086601995630254,2
48600,-164.70867121921177,-50.350406675892856,-49.545889958554646,-48.88785303177303,2
48700,-184.4041078524772,-62.0897964265073,-57.41040659914113,-50.917682617286644,0
48800,-171.15890975052827,-50.86930282248934,-54.00186266763941,-50.24027176885765,1
48900,-182.33391239282767,-54.466426440063444,-58.4618474836168,-52.61008247762405,0
49000,-153.31361615197352,-45.44949240851955,-46.15519349814842,-44.31243410425454,3
49100,-166.65196759241687,-53.48709552512809,-50.230634030540976,-47.09366246223769,2
49200,-160.83160655129896,-47.662962268955354,-47.54433811429031,-48.74678160366661,2
49300,-176.06108048787337,-52.455110750386126,-61.02224939245494,-49.16197017406528,1
49400,-160.8496880921837,-47.48762545364944,-48.57194652161401,-48.59736307239092,2
49500,-167.83174129203,-50.66875099361859,-54.29678944703849,-49.1768743498979,1
49600,-171.77330595121776,-53.233879124381666,-54.20091707982585,-52.14595773075117,0
49700,-163.78866749248982,-50.19057905601516,-54.37571101281864,-47.99938626970711,2
49800,-176.11720836109046,-52.28976577290318,-59.9693174367475,-51.51648552419565,1
49900,-146.2511746140281,-43.87994039895032,-44.33250258818539,-43.7883473483751,4
50000,-178.44655889198938,-56.157602731467,-46.97143054781109,-62.44417288984077,2
50100,-188.13693565595437,-52.657010990857216,-48.206544874037874,-76.47209937341391,2
50200,-164.45651444739923,-46.03858028908209,-40.411225577059696,-65.86845253924058,5
50300,-150.8322412621801,-47.233697094172314,-49.980575793726615,-40.88441987136617,4
50400,-175.02498424667246,-51.34021735173932,-68.48470109741609,-45.86251549664992,2
50500,-210.8662357030962,-55.97828771731005,-86.98752157948782,-52.62078179814891,0
50600,-176.71303207617257,-55.11102682705312,-58.882901427091774,-53.05416299932534,1
50700,-137.64140917872416,-42.08976318824646,-43.57032295552812,-42.44565300190013,4
50800,-161.77869547991213,-51.460413175522625,-50.08831113198318,-49.7096203944855,3
50900,-178.9579860406988,-53.251618492009726,-57.624651675335706,-53.67188486281167,0
51000,-160.03399466290662,-44.023204923951226,-54.91341720103654,-47.26973060991635,3
51100,-178.0261579935388,-50.52621743437219,-60.392428413500454,-50.1131014700052,1
51200,-169.0147651216551,-49.98390556084606,-55.36022043641608,-50.69969302900137,2
51300,-148.3288515183163,-45.00210010899521,-46.48096731664425,-43.95583027522388,3
51400,-180.42137380890026,-56.09359475778622,-53.630436250534395,-54.03973300436628,1
51500,-187.1955919546894,-68.97524391659766,-50.7482283808992,-51.66868478799766,1
51600,-159.24892167711897,-46.547114570815125,-46.57977982781601,-49.60833910371464,4
51700,-163.10962486097947,-51.80689314690806,-48.804774165036804,-48.696917161137534,3
51800,-179.02642789163784,-53.62342007780742,-57.79942162681316,-52.293592484648094,1
51900,-157.28749913702438,-47.97502217838331,-44.74004088876726,-52.97097789836899,4
52000,-168.16035227308342,-52.56715575463393,-51.35866884377391,-51.61940209113632,1
52100,-163.75870937537968,-47.32995616713901,-48.57521566376775,-52.488857366210766,3
52200,-172.66769803192278,-52.5904213701253,-52.18081729006386,-53.91888577110055,1
52300,-175.07357425864654,-55.718873715437184,-52.62342754554711,-54.159821925680255,0
52400,-185.48632455662616,-55.79759880899499,-59.46916184241643,-53.9721046496934,0
52500,-150.05541311127203,-46.30476394252745,-44.6127359853602,-45.95151779009352,3
52600,-172.17737834444003,-53.5250110008945,-54.772196405454764,-50.08615858766826,2
52700,-168.65905974306156,-50.98190082190845,-51.15625941927363,-50.425304964285104,1
52800,-131.5199080828467,-38.18580875438198,-43.79621533980658,-35.96532684109458,6
52900,-159.25375814824605,-45.532223734961036,-50.48708267598765,-50.305381441479355,4
53000,-160.96015791186477,-49.37419728684641,-48.6700743306471,-50.79155652526595,2
53100,-161.63499007199425,-45.96276026476943,-52.526907209194235,-49.117006108325384,2
53200,-165.53416038168743,-50.727293200020696,-51.934002440967646,-52.54211553072456,1
53300,-153.92720110270236,-44.579203747056454,-51.36143053174735,-46.223709024483995,3
53400,-151.16630611925112,-44.362132507865525,-45.11220889034102,-45.77295205788833,4
53500,-146.6337463538089,-42.5179857064539,-44.78655946300123,-43.9917292686441,4
53600,-186.63612076037342,-56.620207253212556,-60.88262970053678,-55.52625109321638,0
53700,-188.44268304552068,-57.26488583195332,-64.08057620335445,-54.67002398986794,0
53800,-181.05564894028856,-51.39890755541529,-54.08768799846335,-59.108207621531484,2
53900,-175.44439795590412,-51.8737142814351,-50.588314734797535,-54.17009172111774,1
54000,-156.96497992311788,-47.52000584262535,-45.531463597561604,-47.83695801758349,4
54100,-164.18467958968304,-48.53541656808781,-49.02177371493677,-51.89475533711818,2
54200,-166.5411961230566,-52.105236700238514,-45.25199339157105,-55.88021048067627,3
54300,-153.92182095725667,-45.45749751306781,-46.38430739953861,-47.47537054165419,4
54400,-175.02172323785328,-51.199669517275524,-51.830291028533864,-56.15219140405373,1
54500,-178.66199535327135,-51.87375596741148,-53.2440042391693,-59.67108370805658,0
54600,-161.50160560325293,-47.51592663568977,-50.32070342356444,-51.3721232745053,3
54700,-137.09962335750362,-39.797248670019,-41.40896550187849,-42.000424249729214,5
54800,-131.39520963938293,-36.145578195032876,-38.53035910119499,-42.17568353155215,7
54900,-175.32441756875463,-50.34204249603422,-51.72155397042266,-61.28330421685954,1
55000,-152.1211057597933,-43.59766756951073,-46.71577844322257,-50.39916150554296,3
55100,-157.22692184112907,-47.42433009319899,-49.20376300897792,-47.46026531551271,2
55200,-134.56209708771445,-40.34721373647891,-41.406404494100734,-38.99843872768265,5
55300,-179.96631925729062,-48.54008232276292,-61.404447136112424,-58.50700952666784,1
55400,-179.0404321957963,-52.87657265349654,-55.2092957334109,-55.766401401833775,0
55500,-157.60791574968226,-45.362440467428634,-46.626561077322066,-51.25016072970688,3
55600,-161.96679091624375,-48.479746161271635,-50.47888595468261,-45.7319411719789,3
55700,-145.17566827199715,-46.19959738668186,-46.39138592474778,-42.421943546801494,4
55800,-165.08830514003657,-51.50170205635215,-49.24234426243525,-47.68819718872249,2
55900,-146.70253556050685,-46.47114100013021,-45.31760220872631,-43.46559702808801,3
56000,-145.9931059499815,-44.11095310430582,-46.53446025217928,-44.098937254029806,3
56100,-163.56753940207972,-49.641285926663244,-53.01986575884273,-48.552341143640376,2
56200,-187.15740362913922,-54.217176499264625,-63.426806749959525,-51.91414824748042,0
56300,-181.93360430343907,-48.5237453167281,-66.88547645920755,-50.62489349254149,1
56400,-147.4402661881777,-43.21716784328652,-47.52070859666375,-43.997725717035934,4
56500,-165.70961415905225,-51.7758065370668,-52.47836795172341,-48.68087457784966,3
56600,-167.42618128982477,-49.54488491994282,-55.45345947885903,-47.83848563625689,2
56700,-150.13812611241684,-43.834179914345825,-45.62446492612569,-48.86553221721477,4
56800,-140.9256178559327,-40.67914204917718,-46.044430251288176,-39.349349340491806,5
56900,-178.83507889765596,-55.71291185598119,-58.78568105391604,-50.734636155319606,1
57000,-187.18476512126762,-55.752350563907505,-61.521789300815314,-54.635213214076266,1
57100,-169.31694800445428,-48.97038349835286,-57.75592383075358,-47.76724057065713,2
57200,-166.01664609116514,-50.53218086539798,-52.075023605834055,-48.368709590301826,2
57300,-159.1999502184725,-47.054914877018476,-49.11005792615011,-46.58935681028416,2
57400,-139.34056616134274,-42.88826008963396,-41.977204911323945,-40.293490313145014,5
57500,-151.76354702226496,-49.17061858930143,-46.867698441682336,-41.94534175115451,4
57600,-157.72021463909016,-46.9647729541018,-51.168364111601576,-42.53028498143228,4
57700,-181.70261427983098,-54.258665788509646,-59.81278565401948,-51.11263961572363,1
57800,-157.62895506001175,-44.209099201550615,-52.49596048809908,-45.325303157440196,4
57900,-151.84335406652318,-39.52051877604289,-54.94291717370337,-42.53699891367218,5
58000,-187.5816273187172,-50.12733573699598,-60.58661864396204,-61.66061337920285,1
58100,-157.48045884238277,-44.78399028060176,-44.763936887419526,-51.734463415281034,3
58200,-177.9587353713204,-53.49447810946462,-56.56974844964024,-56.92263751573326,0
58300,-152.91175487102228,-44.83548047805418,-46.77569351176791,-46.40057225152383,4
58400,-184.87031331625514,-52.87912699384683,-59.01510636156769,-61.52163765861564,0
58500,-173.24878319767643,-49.095643743511324,-52.537173763164155,-57.06445740617265,1
58600,-157.44367974648418,-45.85329487282761,-44.851714857688755,-49.233273447336,4
58700,-181.32297847443,-67.0104893699053,-46.913851924473086,-49.94711106499495,2
58800,-151.10020181458128,-46.13970958227314,-41.78546619883459,-50.98415770095667,4
58900,-162.90438062786902,-48.34234814308189,-48.01190835249024,-51.910684673304324,2
59000,-202.0459227648681,-57.97425919764652,-58.50564642793041,-74.36630368550068,0
59100,-171.62936963164952,-51.84743796822952,-54.772743463574706,-52.02297788978628,2
59200,-172.885868608715,-47.85546787108786,-47.103819060374256,-64.41336917207803,2
59300,-175.78012442539014,-51.202698934938006,-51.85660090461005,-60.69904747944561,1
59400,-165.30165252431223,-46.57549648336623,-49.71237811318106,-52.864771863196985,3
59500,-155.87412765776224,-46.44250325714248,-44.960754790472905,-50.433490275584,3
59600,-190.2422657925442,-56.09102917440041,-52.095709597947874,-60.64932156486294,0
59700,-154.52094874122236,-46.25853359135743,-43.84620511072825,-50.34522832411624,4
59800,-169.1898619482056,-49.94897196909313,-47.45639930576224,-61.244343810018734,2
59900,-146.8130310796004,-43.81344958859512,-40.767099313209656,-47.06123384678998,5
60000,-180.62933512248586,-53.79708775516474,-52.12553208347559,-60.707900476213965,1
60100,-175.49045608604757,-53.37440036069396,-51.92616658211786,-55.26859632802478,1
60200,-161.16774474022577,-50.02855794085317,-48.14833670287626,-48.201253722443525,3
60300,-169.198429964584,-52.22548883987956,-53.0710324681804,-50.46899514429188,2
60400,-171.3520412073376,-55.03206910324259,-51.26455243232071,-55.942717950755444,1
60500,-180.27335745403553,-50.698307397617164,-47.79837135958343,-69.70008788300635,2
60600,-178.97416604736628,-49.59760392501032,-46.586123867411814,-69.6832687179385,2
60700,-176.80471343334534,-49.58509785098242,-48.60023934103043,-64.64111725807759,2
60800,-150.5661885887891,-43.103350524001804,-41.30813153601302,-54.28092605737915,5
60900,-139.33916338738894,-44.53828477158103,-39.59749527191669,-42.74801276613343,5
61000,-141.54836991268513,-39.631326589458034,-45.017552560231614,-43.50001715046373,5
61100,-157.92524236366458,-46.11304913155469,-47.678587254424166,-50.81069796924106,3
61200,-187.2211649187044,-54.16355110791272,-60.27406905012543,-60.07552413958737,0
61300,-179.6018726815937,-51.72102675678188,-53.99473638332056,-57.182550416288585,1
61400,-169.28403658040344,-50.78444429911958,-49.792637618544106,-55.99119367601367,2
61500,-165.94433647531554,-48.14743289351732,-52.24104300879341,-50.569792770574466,2
61600,-166.09319019242187,-49.23543896892439,-52.5629828619284,-48.44963006723329,2
61700,-166.85161945081003,-53.74694116755248,-46.0543598551906,-49.9691665558588,3
61800,-190.48012372196013,-50.80591884682381,-51.491851360923896,-69.51789835964033,1
61900,-164.30396174301575,-44.30113326211815,-48.91404025512451,-56.66450322130887,4
62000,-168.79654945222345,-51.6456297596347,-50.30601442037796,-53.92113313869748,1
62100,-147.84175755002093,-41.13521432005547,-44.53483715353438,-47.74538128311324,4
62200,-151.19029692451346,-44.77591269306533,-44.16559963082978,-46.89237224538659,5
62300,-161.9481904025897,-48.24579854334641,-48.112707390191446,-49.677953935889356,2
62400,-163.51649843559122,-48.735082356976,-50.55724648915391,-52.98536016947226,2
62500,-165.36976057418528,-47.28006222876388,-55.741940457182515,-47.41268752479947,4
62600,-169.56475237921285,-49.61294755797082,-52.26195882225534,-53.588815405379876,1
62700,-153.23880416165997,-44.347987900149235,-45.75428140929811,-49.52610910692462,3
62800,-178.2040885097285,-54.38545655542063,-55.31196474190233,-51.71143103611278,0
62900,-159.55490751366435,-49.723232082398646,-52.58918692662192,-47.62469475850133,2
63000,-169.04386911767563,-51.67013776836441,-51.95673626203731,-51.948103279078275,1
63100,-159.49842721262704,-47.22308115799613,-45.994994381190175,-51.690612709421686,3
63200,-169.03324628936218,-46.735907744543375,-45.83550595182753,-64.8841594812143,4
63300,-146.03863063250756,-40.857230937859015,-45.34302136309274,-46.82182791490356,6
63400,-191.52283630766982,-61.482236637230365,-57.73308592364548,-56.46206331867439,0
63500,-184.48077351264016,-53.03950174401989,-65.6492226422656,-50.86770268406921,1
63600,-159.9961765150626,-52.227793802103335,-46.249542447077516,-48.014091506107526,4
63700,-157.32857961768133,-46.45297927178354,-46.270761714359885,-49.755960966714966,3
63800,-143.8832977619481,-42.60310144738694,-44.53401226876072,-45.92507487659853,7
63900,-203.7452464598755,-59.45977714194123,-68.44154451148883,-59.73365223984177,0
64000,-181.14296592314014,-52.60004667103553,-60.226815123281085,-53.728620743343235,1
64100,-180.0998329744344,-46.71160545042533,-64.09928678327093,-57.76726495408529,2
64200,-172.81211803841904,-50.31614432333524,-52.93203598068226,-59.37464208631912,1
64300,-159.25833350579083,-47.71475778758511,-48.780750620918205,-48.367977206484944,3
64400,-151.18684393791062,-44.224779225334906,-46.97909066468382,-45.9886531833491,4
64500,-150.62037360441118,-47.773073542342765,-47.14711806553421,-43.221497047806636,3
64600,-153.5363082791845,-46.08581599414114,-47.78913850442662,-46.46239922622177,3
64700,-137.22859906816217,-39.175352427448786,-44.28572039756747,-39.23485549601412,5
64800,-168.23457894331037,-47.502232497159596,-57.97097619972416,-49.50932900237143,2
64900,-157.78738800001145,-45.344821001399936,-51.05366231807937,-46.089339957331276,3
65000,-167.18751886481016,-50.714914471037986,-55.07271214658185,-50.414617414087544,1
65100,-124.40377064710259,-34.84509136399459,-39.56383718644476,-36.242835099565994,8
65200,-150.0284224503797,-42.38023206060909,-48.90715436727374,-40.99294699640301,4
65300,-175.88526327276836,-51.07589742513272,-56.11239699837957,-56.534612398229,1
65400,-152.8625057975705,-47.47007150031947,-47.509543511645944,-42.18752522663194,4
65500,-117.89576398019817,-33.46416692961036,-39.1431731455218,-32.49941041961182,8
65600,-160.4902164962079,-48.24042226921253,-48.05009855508664,-49.31674748712743,2
65700,-136.08007382072276,-40.77385176662719,-41.51970572745576,-38.750055721929044,5
65800,-152.32217902933868,-45.928861425506646,-48.2755808319581,-45.08328930626454,3
65900,-116.31605750451205,-35.329209198994214,-37.004059808502404,-33.666655655912024,7
66000,-129.34811852538414,-38.78543348839846,-42.20432969390072,-37.75734972668708,5
66100,-167.03320983363128,-51.17470227007344,-51.14079492195456,-48.35441718731942,1
66200,-123.52229156466703,-37.54695740690707,-38.21109813302505,-35.69471561369441,7
66300,-124.75405242017501,-37.81923887401002,-36.4721514091303,-35.473262408271964,7
66400,-166.21704798952473,-55.35992914653063,-47.98495493600283,-47.9318085986998,2
66500,-145.01960141187,-41.508976465195886,-45.79252771686448,-39.88091539046354,5
66600,-160.65062586864212,-48.17824554242387,-47.260536629613085,-48.61810007771632,3
66700,-166.56883834527875,-51.41259509940941,-53.51904199056747,-48.91473913612441,1
66800,-128.972108601553,-38.634631631912505,-40.832431085977014,-37.12664774232084,6
66900,-143.7096796701007,-42.50402905516888,-42.607494443536034,-44.007626449398074,4
67000,-175.43410572106316,-49.50553691062036,-60.204413609094146,-47.20854413830305,2
67100,-136.93958504262764,-39.58151173481138,-42.752817633296075,-38.01381637967973,4
67200,-157.70677794459777,-45.86794979474458,-51.58170302536527,-44.54407013315679,3
67300,-153.06387789479572,-43.85265921518977,-52.53931437351244,-41.230667116773375,5
67400,-170.72290575555056,-53.193672781057295,-52.78892793076827,-49.55999956540809,1
67500,-180.31390266630842,-61.76685405735036,-51.981094819516,-49.13917732569745,1
67600,-137.29470931636587,-43.41084667226438,-40.61273918806992,-36.913009232666056,6
67700,-177.8747009257447,-58.21270985194438,-52.979167658500394,-51.52406568567498,0
67800,-149.9226974364072,-45.64482315076867,-44.94451279353519,-44.76259245031558,3
67900,-183.07441947384052,-65.95274572211908,-50.149236042527775,-49.0147818398767,1
68000,-138.42509919610038,-43.93242774098952,-42.208142577153765,-42.397510358752214,4
68100,-154.74051513968863,-49.21897735640336,-47.64390468996854,-43.75121500691793,3
68200,-138.5944686385193,-47.101397611513605,-39.48409116828356,-38.63714940457827,5
68300,-169.9551534616294,-55.421273800627915,-49.16104642835206,-49.47777584589995,2
68400,-141.6369829895626,-42.587147011136246,-42.932581977808276,-41.6083473993086,5
68500,-169.9438949105332,-59.04528688294559,-49.34531037250134,-48.52806645672607,1
68600,-134.61204272378305,-41.42666403234963,-40.558049172392074,-38.8242784091208,5
68700,-152.73867019103042,-47.32048110981237,-47.18734858964569,-46.6523572067137,3
68800,-158.97930291709716,-48.53171303762741,-49.52779487072578,-44.702974608623144,3
68900,-118.51399579477855,-36.069230974006935,-35.79657252307032,-32.258862579370266,7
69000,-132.4746938949215,-41.77665351294767,-41.40730267061863,-38.22313553390274,5
69100,-125.07853184730556,-38.81644940623297,-38.56501336194858,-35.477646095770154,6
69200,-165.0787622471965,-49.31147649035835,-47.383358132557206,-53.47150578321797,2
69300,-139.2070927029137,-40.5403551849063,-40.99892614904986,-47.270962303013924,5
69400,-148.06878428414038,-45.23230206019396,-44.7261115829351,-43.89850028726684,3
69500,-167.03463847289862,-48.69926069419989,-50.13439609767911,-51.14561654712779,2
69600,-144.65814228322594,-42.80721165308702,-44.68399570950782,-42.56286790034803,4
69700,-165.37622092626327,-47.04613133759089,-47.42513713234595,-58.11237270455772,2
69800,-162.9957788855083,-54.29652584945792,-45.67246566564231,-50.12904663389773,2
69900,-158.75337583528378,-50.55695250244311,-48.12743436220143,-45.64714170130039,3
70000,-125.86932606879822,-34.97144790250204,-40.20736462623845,-36.89850987626855,7
70100,-162.31955025403076,-49.7632723949786,-49.0930285143163,-47.24753258462585,2
70200,-151.64358952021948,-45.866239302308166,-44.38673147048411,-44.77023146516967,3
70300,-143.12552331326472,-43.53556022375928,-44.387486988457795,-42.40917091741347,4
70400,-141.0702393750832,-41.18418544182246,-43.357178866667994,-40.96008903920825,4
70500,-171.023398274512,-49.13957487261985,-54.45451760574845,-50.04460784092923,1
70600,-171.54946892353132,-49.07183013671245,-53.435528045183055,-54.59176635598464,2
70700,-149.5647984183781,-43.96057765281823,-48.19499446607163,-45.377822869074016,3
70800,-128.7002968468195,-39.389145491057405,-40.95628595003318,-38.9914589516174,5
70900,-158.5345773651385,-48.30767564516412,-50.28389944004198,-46.127833838613284,4
71000,-151.05487030967478,-46.07131303326486,-48.477391567149816,-41.807965331058014,3
71100,-140.33123885767355,-41.191204265118685,-44.2158769646131,-40.64381625086357,4
71200,-125.24091628275019,-37.06148526581176,-38.106531133771334,-35.79912800268564,6
71300,-128.3337731623202,-39.600776931180796,-39.9728406137905,-36.77868182817645,6
71400,-171.11056710543056,-48.96526185788279,-55.05975001624236,-49.348412488709066,2
71500,-146.86990817008686,-43.70283291759633,-44.89915704858911,-41.706818757889934,4
71600,-146.68378228520143,-41.16158676162556,-52.1169806782998,-41.763825430014094,4
71700,-145.19301836933167,-42.35575202053619,-43.48402457958556,-42.53611280083974,4
71800,-142.16662765447845,-43.650848557830244,-43.83109952576003,-41.95922740205521,4
71900,-145.72822056287387,-41.971040889777086,-46.416308430258425,-42.35673399674881,4
72000,-118.01210505338585,-34.1178918549363,-34.38341510748328,-36.01877803695271,7
72100,-149.22970816316138,-45.729883695629034,-45.324539827081054,-44.83662515862703,3
72200,-147.9211826329811,-43.997923392267595,-44.5021928389282,-44.795723188969504,3
72300,-137.46596829015368,-39.57518381022712,-43.60729068663134,-38.65374962174681,5
72400,-137.9837627992492,-41.270852258484474,-41.55492680730309,-42.91296710668586,4
72500,-136.3575208465156,-40.96388903017509,-42.916408260845685,-40.044911829042846,6
72600,-155.03344513624117,-48.23513963695927,-47.8950573565179,-45.50572959166249,2
72700,-164.79524082716915,-49.41888476464689,-49.652660180531115,-50.973638959693005,1
72800,-144.48477669502444,-42.571887189372745,-43.50781216207402,-41.76168171223423,4
72900,-139.15968549566932,-42.16808374188652,-43.93016418185196,-41.937902304056905,4
73000,-155.49005416917302,-43.77769099181014,-47.89895264191105,-46.62050875751731,3
73100,-159.1960236435033,-46.186691651693366,-44.98341358932554,-52.00600624773128,3
73200,-158.05129353962272,-45.56989323696068,-45.98202733394435,-50.279840086968434,4
73300,-158.00269502848445,-43.95518155524283,-45.864805669391245,-54.89459738946189,3
73400,-133.06261620891985,-39.65671630498018,-39.76430803137589,-39.97288894104715,5
73500,-158.60029254884017,-48.39406701953649,-51.24477888357034,-47.35842720201882,3
73600,-137.386362631801,-38.19547450002357,-44.90850163176533,-40.2467337883654,6
73700,-143.74870789218647,-44.54805117897561,-46.19714194838411,-41.52012172822998,4
73800,-112.19434958149228,-34.44598507244356,-33.4650705005339,-32.75206126403556,8
73900,-154.6312045043153,-47.02453791119954,-49.81074208643937,-45.34886539266855,4
74000,-134.41493156509745,-40.35266719993019,-44.19458017868068,-36.66692145062825,6
74100,-168.05270575284737,-50.20910360220203,-54.98215336210739,-45.87112036924496,3
74200,-148.17780268932947,-47.6329009934642,-44.7125733921559,-41.93002593353431,4
74300,-179.78351639650728,-56.698489352849016,-58.16656792382135,-47.642692214748095,3
74400,-128.8731363925241,-37.2204715254372,-42.43259595653281,-34.518230211176395,7
74500,-117.00175252962559,-37.303886392788876,-35.47600350889924,-33.5793800570398,7
74600,-146.3608454278201,-45.5807747929309,-43.17103031932377,-43.72485345573733,4
74700,-159.60494573301878,-48.91309656517163,-47.769907185372524,-47.99673132891575,3
74800,-142.16199665473266,-43.02398473741603,-43.73328918746428,-40.71635839792213,5
74900,-140.31989163165932,-40.12482522729239,-40.477811270792536,-42.74036246296129,6
75000,-162.34987166071832,-51.64692071845603,-47.449612371215146,-49.29750574999794,3
75100,-161.69242616865907,-53.355637672038945,-43.89732296121285,-48.83207327895846,3
75200,-166.2740016295529,-62.9829024370364,-44.88456370516685,-41.74977066723759,4
75300,-158.53959819121204,-49.67213288724854,-52.298650687296046,-43.55690003481968,3
75400,-89.30071805121415,-25.109781519433856,-25.896938283308188,-25.869113415939527,11
75500,-127.51064503965281,-35.405373157782144,-43.839499108715444,-35.20853803881442,7
75600,-134.60530965577476,-37.66786698448407,-42.2336220601098,-41.426618874910716,6
75700,-134.6164818728129,-34.58236467658308,-46.36191529311009,-39.110386391125374,7
75800,-157.54537227950487,-46.649596204876865,-52.63046530684548,-48.63602709671265,3
75900,-156.275170609704,-45.72861930647257,-49.63909765136482,-47.952435901172606,3
76000,-151.05662250918493,-43.446463299660884,-46.62033050068791,-42.966415740452334,4
76100,-176.44239179388725,-51.204309226469185,-54.53950794598478,-51.74425187798417,1
76200,-148.01165503211195,-42.120709206618024,-46.875222813596395,-43.526057433736426,4
76300,-142.17717730262345,-41.69289522270479,-44.28566709784175,-40.963703414031734,5
76400,-163.03182539277327,-43.364747381033006,-55.71001853886392,-48.08598024056543,3
76500,-122.62243896915169,-34.478065261730045,-38.0352777115643,-34.82777581221801,7
76600,-155.47677588237582,-43.25377246165592,-49.11134141421516,-47.41560245410055,4
76700,-179.5024717587465,-48.06368976032396,-55.9051572394195,-60.71425816229219,2
76800,-159.19471353896537,-42.72648454882807,-57.20497470837291,-46.23083537081366,4
76900,-143.01374394352493,-41.13032613697003,-43.47171254808627,-44.54513299282842,5
77000,-133.31113569694205,-36.915622502871656,-41.33235313840018,-39.70932533568911,7
77100,-146.75340123038902,-43.577543473642606,-45.32334556694428,-43.43515599205295,5
77200,-156.4574531358983,-46.238443926810525,-51.375774847159676,-48.75165186923036,3
77300,-121.52660465765906,-37.91037109536984,-37.310881352059084,-33.6550584897779,7
77400,-105.51439734618096,-29.09047632167336,-35.26826688884484,-29.33221272109255,9
77500,-133.81340897485939,-40.39697262317688,-47.111045384372886,-35.110543986219675,7
77600,-124.14891897221058,-36.49137887712259,-36.87638147518439,-34.31001561488396,7
77700,-129.40706158394534,-35.399915509578335,-41.06389726339755,-35.22743277073982,7
77800,-91.63425829618686,-24.968191492811943,-25.91181588474298,-27.15760069146575,11
77900,-157.20460827442565,-45.71394267365505,-54.15528770053093,-44.64086047059033,3
78000,-185.72362222733483,-51.77536566237417,-70.121508168363,-47.25912071965863,3
78100,-148.86718513967332,-44.789847746262815,-50.53395701915085,-39.68788633303794,5
78200,-138.54311394891377,-41.0784676301032,-44.78493183119722,-37.44740077933209,5
78300,-167.20534581957384,-48.626347916359194,-56.453333449726316,-47.82876356684217,2
78400,-149.11893831652597,-42.28741994391153,-48.82244725532636,-43.472400647282,5
78500,-182.42638432246483,-61.5603130394591,-55.129886780854534,-51.715536488067755,0
78600,-164.07497028596555,-56.08281459927808,-48.14557794816332,-46.44542643587832,2
78700,-170.79806138822875,-53.49970258205411,-51.69891017935753,-47.768741295286894,2
78800,-135.5547724008725,-40.25488148591804,-43.284828387263744,-38.527439357823035,6
78900,-142.50396426081414,-41.85682969400087,-44.40876579183322,-42.18644605721433,6
79000,-176.38574111205105,-50.00178946421517,-61.859734550585316,-48.116787462958115,2
79100,-181.5435432883157,-53.19389700018518,-66.40396085645885,-48.32196095374034,1
79200,-156.41439094618224,-44.046124166078826,-55.06093646965218,-41.31004785195001,4
79300,-144.19720012812314,-47.34054821899785,-44.160988690057955,-39.18070764918134,5
79400,-145.98385237971908,-49.24079385177185,-43.147240735925486,-43.300220664146174,5
79500,-155.98486837585722,-47.53172675104189,-46.42276796347363,-46.038441826190336,3
79600,-126.02354282854849,-43.13295453180593,-36.14802604662957,-32.01776177869507,8
79700,-138.25762562176317,-41.3218913094705,-42.249896628789976,-39.88741237929575,5
79800,-158.8491879047392,-46.36252006951053,-49.976169341424246,-48.517942864572454,3
79900,-170.48857887915594,-53.68206370592852,-50.939609548682476,-52.918807656664974,2
80000,-150.348580863642,-44.201932514306556,-49.08460831556681,-45.22131244207552,3
80100,-163.90088142700967,-45.83244540192903,-51.575584138953616,-49.18359989084115,3
80200,-145.29168230634173,-40.82130350720321,-38.29184074509246,-50.872715919966765,6
80300,-162.41354105691937,-50.06877750404373,-50.06643030722573,-47.00073099741328,3
80400,-132.76476168160067,-37.9378498805863,-43.05757803573815,-37.63018804295732,6
80500,-147.5033956708466,-48.42499905936961,-43.479913568762086,-42.012685223267006,4
80600,-153.73106157801726,-46.869912947321026,-46.74715934570548,-44.53126430109397,5
80700,-131.9220335986113,-34.76565033151177,-43.724405783562446,-37.18202756751178,7
80800,-159.82611540768738,-44.78409019691253,-50.48172829033981,-49.30993978814876,3
80900,-170.0623812461254,-52.24025251155406,-52.41890234628994,-51.91351563420298,1
81000,-155.71673599354486,-49.9025092102004,-45.84004515204566,-45.46995140265357,3
81100,-113.7645853267556,-33.72258146972161,-32.272470193690104,-35.69931421455224,8
81200,-158.5036941365378,-43.29326769407541,-52.975228542426294,-46.23691279889913,3
81300,-154.20926395719616,-46.680106328398125,-47.7427285218265,-46.429957763317745,2
81400,-130.14164704027507,-39.22218459854883,-40.65421069953161,-38.66161446967667,6
81500,-106.41643290990582,-29.449384365655774,-31.343686155800796,-28.812106058595987,9
81600,-160.80250513040158,-44.715287408500195,-44.875943049968015,-58.30376893928308,3
81700,-146.75225927208905,-41.76530712499634,-39.73672504608259,-50.65565190392396,6
81800,-170.51971558787827,-53.107570132407005,-49.91386339523962,-52.29834433513457,2
81900,-107.57801759379079,-39.14326603814603,-26.393913321282596,-28.597266093256717,11
82000,-104.88209698025003,-29.12611234933821,-32.32837570146786,-29.40640834574625,10
82100,-124.82682299061304,-38.59602365197903,-37.0924571750441,-36.878306566769616,6
82200,-168.9960982565313,-47.215945556387375,-52.89678467007613,-50.7915660553103,3
82300,-134.07490869738814,-43.56848497699045,-38.6358089679366,-38.44988368118903,7
82400,-146.73198538382013,-44.48488629593586,-43.798907267942035,-43.12243123895701,6
82500,-103.44446842744148,-27.670962296240145,-29.7723062579676,-29.292854563696906,10
82600,-146.32964791333757,-43.37124410885959,-41.988084768244846,-47.85007126368619,5
82700,-116.86663403820921,-34.42326340085903,-33.37706217074571,-35.12939346562513,9
82800,-127.70716156146884,-38.380496209241734,-38.58595661216192,-37.72596226407637,7
82900,-153.48247528096442,-49.77422045581875,-43.56214092875855,-45.99081749727886,4
83000,-158.48611857911158,-53.41668998431166,-42.96369572286087,-44.477863424554215,3
83100,-127.72577721339681,-39.19858306586693,-37.89387100959861,-38.2364477486324,6
83200,-144.55612415511246,-42.71465561734541,-45.50200951808723,-42.27301401065916,4
83300,-123.68078296291452,-36.3066029127521,-35.044058819252356,-38.123974339127074,7
83400,-125.17715312803546,-38.495781775595034,-37.70418009919591,-35.8694403986367,6
83500,-104.30911589928981,-29.818185027007136,-30.464184824886757,-34.06930317651545,9
83600,-125.6568870238163,-32.96105269746234,-38.357506389012286,-36.81596295537297,8
83700,-156.30293416973635,-43.19406244664674,-48.48679460446328,-51.62739240108524,4
83800,-145.5895663918035,-45.33079350814608,-44.50751412617797,-43.8019317854173,3
83900,-138.59581740431534,-40.20137106007844,-40.597869912111555,-44.77169484057075,5
84000,-117.81041032055384,-34.430773196588355,-32.53775983749805,-32.29684498380334,8
84100,-119.94110706530496,-37.299922013665686,-37.78255344849169,-32.82820137563288,8
84200,-143.27575205309597,-38.64022128830693,-45.589943535316,-45.33364736579805,7
84300,-91.81847203214804,-22.785261786349974,-31.305350662392566,-22.244691936238507,12
84400,-110.04442236252643,-28.09020557339516,-40.31937106893587,-29.44218820994079,9
84500,-102.77853868217737,-26.087016086287708,-34.63066928734465,-28.13927160906176,10
84600,-156.76227113102522,-41.127075343369114,-49.61395966547467,-48.76268037893409,5
84700,-121.43174781057988,-33.32952233259606,-35.84692816636081,-34.59888815841534,9
84800,-112.97540480775672,-29.384903342366957,-39.245945949714276,-29.76623475429975,9
84900,-122.70396242547439,-33.947882936516905,-40.51016594426589,-35.866400418107595,7
85000,-141.2764634800984,-37.10571744252881,-48.06678574621599,-40.76868510776729,6
85100,-67.89847303449345,-16.2270021379953,-26.135428273126134,-14.980723257181053,14
85200,-106.58367033558653,-30.763707212347498,-31.941877959712233,-30.42108277061682,9
85300,-117.86797563896472,-34.00872288664716,-34.38773919247497,-36.25121921944988,7
85400,-185.8238073114549,-46.48792848359034,-56.337837235898945,-67.57252083184572,3
85500,-88.97234165213227,-21.514244151420616,-27.98453513262082,-28.748494010315397,13
85600,-132.43764006070822,-37.522887641745974,-36.82508879959654,-44.3096804623261,7
85700,-116.83490880339858,-31.531003637841813,-39.88727952937512,-31.56035299254223,8
85800,-107.35634876020457,-28.134512547898748,-33.38061407185429,-32.06735930072236,9
85900,-117.01741455391148,-34.23568553843052,-33.54687473853685,-35.29216898936005,8
86000,-172.16925727271644,-48.94327289829694,-51.33949363040685,-56.87479359308148,2
86100,-127.17571151950911,-33.208599853139155,-43.68832422042539,-36.70308047051512,7
86200,-131.55800262605592,-32.96162825625335,-44.791145316604315,-41.55660584731967,7
86300,-133.66943158258024,-36.391314842891525,-42.397977740490006,-39.57381464784803,6
86400,-119.07510665461872,-27.473184387294992,-50.404213718499,-28.651544165195126,10
86500,-131.05781462206298,-37.91103239730312,-48.192775827604656,-31.251081117328386,9
86600,-98.76480879605006,-23.576101007930884,-33.01253907548062,-29.590102894507595,11
86700,-78.3182905589734,-18.11626450746733,-24.835026541243877,-24.670782642193288,13
86800,-119.10826377794669,-31.400111363440928,-45.07708813831762,-29.037281169315165,9
86900,-131.33125975224857,-39.484656536633196,-37.38059989773994,-40.10076319966488,6
87000,-140.47815548411876,-39.751965024470614,-36.362525348402244,-49.377642609756805,6
87100,-157.29385764661455,-45.72475187167597,-49.482553658360764,-47.61205298453018,3
87200,-90.07315875503593,-24.685187359696933,-26.399782466726798,-22.99463777053428,11
87300,-120.76978321407896,-36.653014865282856,-37.0336957072137,-35.290999512628424,7
87400,-136.60745507222197,-41.50784681487215,-47.111720335875006,-36.378506721929135,6
87500,-135.61300695046913,-41.444128955838636,-40.58162258806179,-38.61704972437681,5
87600,-126.4239564344204,-37.87642950736198,-37.511651836722656,-36.13083633616518,6
87700,-100.92526944636336,-29.46089578618859,-30.46872120710033,-30.38629573853907,9
87800,-123.75804956936207,-36.49707457456775,-37.435253107223936,-34.71582190465135,7
87900,-95.2383474475993,-26.636608736552468,-28.427876893063498,-26.570245296030926,10
88000,-55.6686530130555,-14.421948579238945,-15.370100895091195,-13.676197460641205,15
88100,-103.62506171223603,-29.245916892061295,-33.350492992489364,-28.80537028187194,9
88200,-101.24131584649939,-29.589076718653878,-29.549971728909327,-29.074088996198,9
88300,-130.1218334784852,-36.671070305974084,-44.63332541732243,-33.851836339104175,7
88400,-118.83036666373123,-32.83612736380912,-43.213611468460904,-31.87306096517566,8
88500,-110.29349220820214,-29.144660449153267,-36.98762640897069,-28.950015913581815,9
88600,-121.96316490621031,-32.91388679673997,-35.97086411011098,-39.02643159267778,7
88700,-111.07087512819564,-29.2003779725517,-33.414055476423194,-33.61460302241774,9
88800,-101.8818944154995,-27.986143311505867,-28.753531418775264,-32.780328650625364,10
88900,-89.59430061235634,-28.22808823808321,-27.32949148525488,-24.19394138424804,11
89000,-88.59931956632241,-21.641853939083344,-25.897084566581178,-26.59502537792356,13
89100,-106.07312534317502,-29.50174180042201,-30.853645406618863,-34.33607575822491,9
89200,-118.14388930909563,-40.06042585338423,-32.87862653558096,-31.54298079436014,8
89300,-112.69251138645994,-34.92392189267569,-30.595284453895644,-34.36638780892827,8
89400,-126.77605573062954,-38.721129064189746,-39.41123083946684,-35.59444850653523,7
89500,-160.05405109607045,-52.0961757856391,-44.76285347273153,-47.654286838594864,4
89600,-134.0615577714841,-39.73663051522711,-40.39839815103597,-40.489245534815716,6
89700,-118.32751808099982,-33.40127168325038,-36.80061021589952,-36.678895384204395,8
89800,-145.73899934903633,-46.04407969031429,-39.702171180982305,-43.627531132735506,7
89900,-145.145944749779,-51.77880235968955,-39.50245529126481,-38.7323646544132,6
90000,-150.0150813407316,-54.272097730860025,-41.1515778959872,-39.44856114421389,5
90100,-89.96072740015359,-32.64377760401454,-24.770927442106135,-22.873731170252967,11
90200,-132.170373496272,-44.06798568393362,-38.104266451106014,-36.90810829177761,6
90300,-114.24288907421379,-36.77280108084886,-34.231052983013136,-33.64505823583889,7
90400,-135.20939305083934,-40.87794936031228,-43.392781864680266,-38.906903505480585,6
90500,-110.97241173960711,-32.28586147641268,-35.28218349332309,-28.817549369734955,9
90600,-124.0077284140985,-36.36580449305456,-39.6127219496854,-34.761639596078886,7
90700,-136.34795272531943,-37.26700842751548,-49.05132510183412,-35.4664896089951,6
90800,-115.21388603915933,-35.29593692926943,-36.59021316163367,-30.5610508112069,8
90900,-107.3427808024777,-33.064121977627536,-30.567557474915006,-28.914470854960964,10
91000,-157.49219457916877,-47.67595201999098,-52.78109935969952,-43.55096885230873,3
91100,-137.9680340832743,-38.978388558209616,-46.910561556928826,-38.47913929090127,6
91200,-149.639004935568,-41.14727473398303,-49.35347571646424,-40.14773864929659,5
91300,-152.09376092382087,-43.10601900658003,-56.29380470179651,-34.790438411154256,7
91400,-124.53717118577445,-37.29422267388412,-41.29529446532884,-32.86913826281041,7
91500,-132.7266461152534,-42.0686186412574,-41.29937224669762,-37.05481534448516,6
91600,-127.23019311616227,-35.09874473188334,-40.39977914458395,-36.82193639762796,7
91700,-104.94807596103686,-33.07677061903295,-29.95438916565181,-26.6304889226214,11
91800,-156.74697033073693,-52.71267739033872,-47.867222852356626,-43.311688919207846,3
91900,-123.65712411519974,-41.5894459601389,-33.673030338549985,-37.51508893743849,7
92000,-147.29674850900508,-48.70576890529457,-44.08892683035168,-43.976786450728625,5
92100,-131.73478525578577,-46.5862423880802,-36.45881394920873,-34.756479238773466,8
92200,-112.084927744666,-35.793294376343184,-32.32560861505579,-26.488699308891942,10
92300,-132.83479826387054,-47.047318645339686,-37.79062899646909,-33.97845476658509,8
92400,-97.89368639728269,-37.3364847744983,-22.281900704120414,-26.927482594226987,12
92500,-126.34822063512443,-41.47417770480619,-37.146501956652976,-35.14704725241871,8
92600,-130.95161602810674,-46.24644790170818,-34.633199991034374,-36.50776766083712,7
92700,-118.73006686338547,-41.37910111644506,-34.11746990509544,-30.683173833768432,9
92800,-152.2518869723885,-49.58071986620133,-49.491164356981024,-38.64333350091309,5
92900,-134.05037369844786,-43.353208788819586,-41.01422681163324,-37.47962938784801,6
93000,-145.52171150965106,-46.88817409378411,-40.719208621882665,-43.215625391339266,5
93100,-138.02247021205946,-40.90316859782538,-40.41783628380979,-42.570100874728986,6
93200,-136.1097424424861,-39.426641219289614,-43.52386030723235,-39.910118447895776,6
93300,-129.62375963264063,-43.11424238667021,-36.92618952354233,-36.36491882045961,6
93400,-134.610142259308,-38.807697239103085,-38.92365230560415,-42.16480981184156,6
93500,-86.05688514716213,-27.476422496120552,-22.500458086552875,-24.776957226516142,13
93600,-97.90606106776515,-27.257499858989167,-28.00219830289512,-30.13725331701762,10
93700,-141.57803021481578,-42.55994458353263,-42.94839635693699,-41.6066444365018,5
93800,-118.28195966729103,-34.510514698154175,-36.40122678019483,-31.514172058440316,8
93900,-124.69172726108744,-37.868284654979064,-40.659991140495485,-36.5204994432638,7
94000,-108.49281271300627,-33.00302594928813,-32.47483138506002,-30.08197680487394,9
94100,-117.20802417517274,-36.894917839409594,-34.24662303673164,-32.64142345463083,7
94200,-140.34446267020755,-41.918005261990885,-43.20260546142623,-42.54479780051939,4
94300,-145.49900229926388,-43.61087711086692,-46.14196319438062,-40.13955986855373,5
94400,-122.95484250519037,-39.07394706125294,-34.21835452764012,-37.13917478135206,7
94500,-141.64639800229628,-38.92744931987257,-41.68309952527287,-45.18703335639186,5
94600,-86.30680765032456,-23.96371315759973,-25.078324222893862,-23.32405929966028,11
94700,-106.11180955458688,-31.42692359812081,-36.133432850032094,-29.464955965907425,9
94800,-66.82343896665552,-18.047931055000653,-18.14035635417323,-20.13384266237784,13
94900,-135.5325362868872,-41.239330820928096,-39.019564034266885,-39.42781457555459,5
95000,-129.21202612790103,-41.24464333375393,-38.14373490972653,-37.133650663142944,6
95100,-115.72751416853863,-35.871392362609576,-36.605953171081026,-32.99566048052249,9
95200,-133.02824286677327,-37.22449788722484,-42.480671407808714,-37.64993904940709,7
95300,-86.5374834362564,-25.529207883979538,-22.779671473542795,-22.927090807398677,12
95400,-102.2227786335734,-29.293973997424814,-31.11555921014727,-29.914256213253015,9
95500,-133.23909492360573,-38.66882859393783,-43.74411665261363,-37.46415020490843,6
95600,-148.15137587336525,-47.380429726078944,-44.155312821768796,-42.33195983368112,4
95700,-137.82673749266084,-41.55606981714723,-34.233055566949496,-46.388823843345335,8
95800,-122.53870559577574,-40.26372542009586,-34.755367702330396,-32.76719793390941,7
95900,-148.99871866319566,-43.63981327782375,-39.48147986437174,-54.420964767614436,6
96000,-111.10175388552787,-42.91019365471038,-26.71036754683114,-28.51156775978733,10
96100,-135.98516359986132,-49.97367515375822,-37.09912313004956,-33.814427515204194,7
96200,-109.29954138847151,-34.49233226977578,-30.029999326868438,-31.817289114475845,9
96300,-103.64671826831251,-38.52173722696993,-25.976848935663337,-28.540214487411433,10
96400,-150.16977239622207,-53.34890292072109,-40.90253630769758,-41.6578453975923,5
96500,-154.13638067054046,-49.90742278669106,-40.70666537605627,-45.12816190786099,5
96600,-171.5655819376708,-74.63438070491827,-39.2991021027525,-41.91304087635883,6
96700,-95.31104087538368,-44.734038885476906,-19.71252591975602,-18.060904482768912,15
96800,-176.08437799387727,-73.31606667165553,-42.37491643702337,-47.00922635819285,6
96900,-157.59836488379747,-68.218758118578,-37.94492118558348,-39.91795224916277,6
97000,-174.59426300937264,-70.7590865565564,-48.19727207575398,-44.167581864937894,5
97100,-156.5397275300461,-61.95970938792292,-40.87887675209403,-40.04869761185491,5
97200,-187.871665956571,-74.89787117658689,-47.868352157679304,-48.650594771728805,3
97300,-131.2296021160286,-47.30138573471655,-35.956073210580456,-34.03912763366943,7
97400,-147.9796225084071,-51.40593738056967,-42.398457614140874,-39.090722000448956,6
97500,-115.63212985490385,-37.93477659160522,-32.53717878147749,-32.852815812368725,8
97600,-126.88821204394391,-40.62855479160236,-33.47409467943531,-37.777425306197195,7
97700,-157.99459693242278,-44.51560644118801,-47.86618838298392,-51.89664224703687,4
97800,-125.36841258126437,-37.05985710093461,-33.41418523139281,-43.65949034012128,8
97900,-148.24733900226929,-39.57967339324527,-38.358102579347076,-56.26729726261537,7
98000,-144.46015771187012,-42.18977661503093,-44.15494862068103,-43.382832371721896,6
98100,-125.05044936368763,-28.817322279358926,-41.67854669836879,-39.344683829719905,9
98200,-138.63551372452542,-41.72685445594723,-44.94210382866899,-41.440769695260855,5
98300,-114.67181224646816,-32.28399587809722,-37.05647612235568,-29.791361594573335,9
98400,-144.16765769978025,-37.93290822589252,-56.491192211215136,-35.963328340981526,7
98500,-115.53654322358877,-35.44821931600418,-33.37849828952547,-29.787318280451437,9
98600,-106.3705248021384,-31.602823356905386,-32.71688014241602,-30.482045093375856,9
98700,-130.70486434538256,-41.94255422363287,-39.32789131418223,-36.451828279012354,7
98800,-146.27688565237844,-38.63192582837115,-41.65833951549494,-50.99205311032669,6
98900,-145.28288228934372,-46.08036474482412,-37.51423265888075,-48.78462955233368,6
99000,-140.33711753876824,-40.65389733572966,-40.94762438739412,-43.19973854262358,6
