100,425.58655066880834,147.69538819721166,146.73608568174078,143.22830505457122,81
200,480.9927365537986,163.18611275242154,159.6219499750671,165.9130799840855,87
300,441.5553525618114,149.092552612735,147.32247892610653,154.20691478156422,84
400,490.0530530997732,162.60785489457933,166.72755793741996,171.98337894863604,92
500,400.1881216348398,132.79051419327524,139.08457141889573,137.00815894733398,79
600,421.2355362482769,136.8288193506851,147.81761561156688,147.17130246260652,83
700,440.888048593833,150.87284515034816,150.71543389419804,149.28705079317058,83
800,448.7462667142549,146.56957522317677,154.33008209556144,157.45136284035243,84
900,390.62639109009115,125.69222041490802,137.6866234059821,137.9489125218941,81
1000,422.7760873705658,141.93559055951744,143.59863003389503,146.63679630600254,82
1100,421.7864939118216,144.19309398698653,140.34125597702212,143.94063496658657,81
1200,377.3370107777327,119.78490002393859,134.83391629639038,131.34958455457797,77
1300,462.4841797936634,152.2192916796626,158.5916311119183,157.34948408515743,85
1400,468.12105677087385,154.160291487711,161.01522292078124,162.33051254280838,89
1500,430.3808952356623,149.3481691165897,139.82547592353163,148.74511302911662,82
1600,414.8505940133112,137.99946145568052,140.49930484118926,148.10096693270546,83
1700,391.9430492241976,135.89484873478384,131.0308488445708,132.99828809092966,79
1800,413.5986297282519,143.78637173999755,127.78000275586288,151.38039794592135,81
1900,406.56419838487045,133.85351448078592,136.29961521211675,144.5613150020662,81
2000,341.6739045453152,118.73967337989194,106.45504347733147,125.42070842396231,73
2100,348.18200158172675,121.0814859882345,111.90935970437849,123.15926245207962,72
2200,334.1935847385815,115.97313510343876,107.85722083617918,120.9646351441981,72
2300,323.87856607665947,105.79502535678505,109.92668455846952,120.99816774958188,72
2400,277.7200814938273,85.97584241664944,95.61142996825187,106.48971660595831,65
2500,375.2844069706194,127.42046106532177,120.9740721616885,136.43388748844166,77
2600,344.5478924977423,102.04667517611237,116.25140990300655,136.16651972832898,74
2700,320.902285644671,92.11237486299792,111.76320500905017,124.42162239143461,69
2800,392.31454931460166,126.950968539302,129.77234654673012,142.09660373779016,79
2900,390.4892359698943,126.36577362028817,124.71255885400245,146.72383884675207,77
3000,398.15452184996866,131.38150590799344,138.04582034700076,139.17900059852713,82
3100,388.1216588907477,127.27852109052725,133.31912738583304,136.73871380276142,77
3200,464.0552796419863,150.5215497613429,158.28643718568392,163.54063202552138,87
3300,460.28182027064264,149.49429399349182,154.1518698481529,163.18552628543316,85
3400,412.5961254139664,132.23281241247992,139.7372651964841,148.35884907468974,81
3500,434.24805013302523,145.3130136717915,143.50203867601235,155.1915029944112,86
3600,328.7927740323996,106.68457001253657,112.42127220301226,121.56536164277371,69
3700,346.93128534504416,104.37190456136992,119.20692397631603,131.8677051678058,73
3800,395.1751087281554,124.25667189600408,135.54124030645215,144.1005695841428,80
3900,363.7645128159618,126.0263438968139,123.78377398242455,123.33542199956736,74
4000,320.16790433873075,108.20947446650268,110.68731138663885,112.68862330127926,69
4100,454.0023251197885,149.99925695325226,155.9735632801235,155.72431673952443,83
4200,377.30024512640426,109.9252007079578,132.60605194739938,141.1226056821151,77
4300,314.4059576604583,104.90852831240856,113.55594480764321,107.89276757921147,70
4400,306.9310308718126,102.9203479491893,101.98447355031723,112.07223365950038,70
4500,381.98575079522726,132.2628214593201,129.96303051964634,131.60038731414406,78
4600,142.29482773948612,30.955618350750083,58.462541649060256,63.225405219563434,48
4700,303.72212293888816,98.78078102197301,102.26609853512393,114.1279340554163,68
4800,364.461314215396,129.5004592660426,118.32227609243462,125.80230408721951,73
4900,365.5176913191395,125.65642511489233,114.30834703320542,136.31347315913933,77
5000,397.26902903329966,137.92201256938574,125.23976033368159,142.56789793609926,81
5100,382.51659684445286,126.31662552458651,121.9421962248415,142.52322704386393,80
5200,358.97562769117445,122.39325356470155,118.05253901547559,124.3891692854665,73
5300,332.28943070923646,107.7758803073038,120.33383860599542,113.49722272610869,69
5400,317.34783292843565,100.9242396371863,111.19519832334092,115.2235085950037,67
5500,342.4957957696754,115.774047974434,112.28406166355416,123.8170849716153,74
5600,290.43893161054183,95.81977813495749,92.61337982236877,108.66472002609783,65
5700,333.0053941719868,110.05771074497821,114.082858420872,116.68487940454698,69
5800,393.64731316512206,126.18596051761702,135.52022806327298,140.35750665180592,78
5900,328.39157394644644,112.9201004707639,109.34025524521954,115.67632125636973,70
6000,347.66946738359337,122.45621187464317,112.3378401225989,119.83064619505662,72
6100,294.12742772421046,101.47108349670022,95.62637037307235,109.70075393406816,69
6200,291.51027624684576,97.16008649510142,96.96131031193487,107.14615411970618,67
6300,336.64382279628126,111.88981762204264,107.82848569728723,124.20624200247124,73
6400,367.7891407411887,129.59917113509664,121.05737621193701,125.73497243052655,75
6500,357.76109450280023,120.02976992520429,117.06446097883308,131.31545168709172,73
6600,403.5220949536183,138.48141659025293,129.6252718066097,144.27915560133712,82
6700,360.7402088729115,129.6021214439484,106.64576500379704,133.59705911261216,76
6800,223.3798305585609,69.95401157921684,70.73148707425355,92.54177452687891,60
6900,272.4247974757852,100.12598969255443,87.21560172974439,94.3451406062488,63
7000,298.3597664944007,94.49054398958606,107.86354102397486,102.84565778117229,67
7100,374.235226465782,127.93398640535106,125.77249794487163,128.83963532532547,77
7200,399.91165666311906,133.04239495880762,131.46267159550206,144.4110991775184,81
7300,406.1020971301039,142.1213014930824,133.18662951122255,138.20971003823,79
7400,301.5100952535487,103.75204521904926,103.79041860236958,106.19060653875229,68
7500,434.3117294091878,148.2675620273754,144.71863314695952,150.39932564932445,84
7600,423.99421929040386,140.8920380473492,141.6796513369557,148.83729445394104,83
7700,326.6239175147993,114.93159925795992,100.71229848856039,122.63035529158084,73
7800,371.8431038880164,119.88580975926412,128.4642690001681,131.7693460833838,76
7900,364.93997358752137,127.25149506388914,118.51937272369854,130.9692274794683,74
8000,381.2219722925854,129.51669483673112,127.65396794384529,132.07077638019484,75
8100,375.72341165491866,124.79488940737909,132.6679215454949,129.8380477199787,76
8200,339.2349344491808,119.5237645234389,117.36132348548087,112.7225376671016,74
8300,376.59612152805477,127.9086429314595,128.2651138232211,131.1035688155594,78
8400,352.93407714640506,125.9849773588173,115.99319284866961,119.76500316364223,73
8500,365.0373390393678,127.63714265448684,118.10796540787416,131.70363192659798,76
8600,357.80610926221294,115.60962120949956,119.44704435556034,133.32654125144998,75
8700,313.1962052305862,95.51114633713401,108.22018947024655,119.11515965843591,70
8800,289.80701107645825,100.39114025406408,94.2078140235249,104.74258209324451,65
8900,407.2176152503642,136.55847464474633,135.73375105985838,142.55885764973428,78
9000,378.7623114933529,133.95149711206844,122.04777346485739,131.54011156399454,77
9100,348.7436803903211,127.4365989151089,116.73618139300916,114.30789674464373,73
9200,351.60838723367965,125.12690148727538,114.81581830332452,119.7156486050211,74
9300,374.19179151169317,130.9870149992464,124.76712310892408,125.85160646220588,74
9400,438.5943941060993,149.54539851381853,143.790133218121,151.33710798511737,82
9500,374.6668364802735,125.69938404478769,122.89211049183513,132.89800778741713,75
9600,392.2845150858768,130.79179576351677,133.37083954802037,137.57604520813888,78
9700,366.02294548787904,120.27279588151862,118.31517725227702,136.3210034326346,77
9800,447.88640305177773,148.5564144136017,150.2811888782663,156.75708174050217,86
9900,459.7086526374683,157.5751945629765,154.61122509289288,156.9943969442063,89
10000,339.07169357586196,120.03635739013505,102.56055134824044,128.04141759231632,74
10100,417.58474460815273,128.72158009709898,149.51543933292777,148.68432467983837,83
10200,381.4744560594091,128.4312451666269,127.62146494862549,134.25329600933617,76
10300,435.9713404938936,147.26471650100254,151.12800474794668,147.7683622556939,83
10400,402.89757918436703,143.15896436452766,128.63951384868105,141.0111891222878,81
10500,412.4712448256098,142.2649523539594,136.39947650340474,141.41921942484686,81
10600,404.5075155643429,133.87041204592379,144.1467442011919,136.40239644469574,79
10700,390.1869771472396,131.23010038037373,126.89138496426499,141.47931069416433,79
10800,426.08006438158077,145.0526687277119,140.17799468218328,148.62142766307596,82
10900,409.49788326126924,139.151669367374,137.0803271103118,140.65534060645194,81
11000,464.9971224965146,158.21442369095155,151.93989212390565,161.69063910312627,88
11100,428.701216511829,152.30837509729258,139.45453406916434,146.18967848809504,85
11200,383.233959014681,137.4513672919909,118.33624842984943,136.53680586820957,78
11300,437.27493977646236,150.1633735262634,147.8055576070988,145.7676530716001,82
11400,428.22700615290455,147.60832581933954,141.17668940867216,150.5510381571257,83
11500,396.4573278837075,135.48171648591045,128.54387371896016,142.15686804743976,80
11600,446.2932705297447,155.6852987132011,138.739887719801,162.3893219342876,87
11700,426.8030125469314,143.97181174633315,142.95898462437492,148.66795040418592,82
11800,403.0869684086899,147.57072157107012,128.32425234160488,137.48610143514313,80
11900,389.6783376636224,131.7802102678007,129.72124368531158,136.04995954648248,78
12000,427.19081042119996,145.39967244623904,138.16530896926227,154.37873550844256,83
12100,361.75804868558146,132.4573637541182,115.92018404938612,123.65742649601879,76
12200,384.3537184868929,121.99323195257148,134.24341180265438,137.12588764017244,78
12300,400.68166004720086,141.69198105413864,121.87247260772725,146.52874343159587,82
12400,342.4117097311997,125.32822920714315,108.48898163976692,118.08165076203312,74
12500,428.4137384889833,146.80909976223484,142.60009120516045,149.27971544644862,85
12600,454.9607956459183,151.59074717210396,151.0180771518191,159.65839019279966,86
12700,425.84676513745086,143.5050256504745,143.0755151380238,149.0184354485743,83
12800,439.99774244572933,147.7197686966816,146.8793902554968,151.65696390822293,83
12900,419.55844476023304,148.73619432294888,140.17794326097598,140.63628922036042,83
13000,402.4415314756996,140.7564720032625,127.5023990962952,143.53508840839805,80
13100,375.19057143301876,121.48955267926465,126.18697100884033,137.40517288002837,77
13200,381.1518845419365,127.63785465455645,132.0609405118656,132.19832290112424,77
13300,443.9909260510378,152.53790843505078,152.6704617555888,148.09625068203303,84
13400,412.9829989602225,151.32854259657668,127.4375870562013,143.83084441345906,81
13500,413.7483158332249,147.89187023146604,138.36729527010638,136.1501020722394,82
13600,433.97626532255293,147.71426152683296,146.23351330550386,146.6842261299719,85
13700,462.53344079355,154.9899960259969,150.8162912195826,162.29413276306764,88
13800,392.9138145409574,136.7666914362422,132.1552159682406,133.25265095591243,82
13900,416.71931840968216,144.4075154160506,132.174726284238,149.64888925715533,83
14000,397.81721518633657,133.17457659621604,139.23076126676816,132.92709664930953,78
14100,395.36396162872427,132.1100266378614,135.76980987872037,137.0946430438452,78
14200,394.76314265321895,131.80997471774023,131.68235703504487,139.44574121567098,78
14300,405.77207804983146,140.32458989625667,136.01440149578423,139.38156224642242,80
14400,394.2453378088848,135.46342549720143,130.30783510779412,135.04539061191022,77
14500,355.49879254161146,120.57046679345967,115.604054931644,129.65779173513508,76
14600,380.9568554685263,134.25577624041628,115.84285597596084,139.46201721334856,79
14700,384.71405273171064,133.55238660248867,124.04710915132722,137.02479176098998,77
14800,360.18600619492673,122.30608817418675,127.16464434910039,119.39940675830321,75
14900,346.4544116967303,122.78690946422661,117.13341162774746,117.78496709207093,74
15000,390.4832617461096,131.72290511928793,131.26771193799598,135.99880816223265,78
15100,378.80576475749643,126.26338882033804,131.54920822359034,132.46324754269693,78
15200,390.64104515501896,141.02495144937316,118.59812472148813,138.50427899102243,79
15300,438.0403677532077,146.10774409498518,147.59802833749143,148.99826267450553,82
15400,421.16835308645096,139.54705536374374,138.06758040131706,153.53532252347787,82
15500,416.71523404231783,138.38182160101462,140.18100684104837,147.10850916603792,84
15600,415.9222087114927,141.98934631242307,142.57996286950822,141.84838932793602,82
15700,399.2390643125257,129.55666310134166,138.25122316203098,143.53964134652608,81
15800,417.4450324581965,145.73562965183507,141.8316945150902,139.289710734485,81
15900,428.1084402996467,151.11930144348088,143.0238998020584,143.35105094607124,83
16000,403.67462438316693,131.21280027049954,138.00662548871622,143.96814266323904,81
16100,405.40477710184047,136.0889407111018,144.34554578718758,134.42769682927528,80
16200,407.3108696109411,130.5953284792441,139.05201107318504,144.87401068759291,78
16300,426.2185266848659,143.7393411905858,138.5616626911146,154.89809514693184,83
16400,371.6682817453808,127.2131086543502,131.1369160209687,124.13300475217346,76
16500,461.3744648769524,154.66320560265933,154.44679851503906,160.48230186120924,86
16600,396.0456174706992,128.56521542955343,133.45278065351928,143.374176537648,80
16700,407.07564072225557,144.16770267523847,128.1352068906444,142.53803135456,80
16800,412.3982329226764,129.7432916918134,141.25107180925005,150.31356340172803,83
16900,459.7564912896012,154.08774457027678,153.41234217795147,161.2619904087402,86
17000,354.546204618788,119.95310535231783,122.35104324261857,120.4347220761724,73
17100,366.77965233816,125.46518554976474,128.27088576308054,119.48870912786295,74
17200,439.62939424361343,147.0113230138251,158.65944960350996,144.14991659409415,85
17300,480.571116448992,162.7812025108298,164.29969801104414,161.3972832448879,89
17400,407.2654690747854,135.14626583792005,139.1686194150793,139.0582020190428,81
17500,400.8926380520331,132.61876696690814,140.945742472974,137.85091345894452,79
17600,392.2840224803133,137.2187196659227,138.82362335127266,123.84644078123088,80
17700,443.85146822583926,153.3035788359024,149.20727375309158,150.30644467029973,83
17800,446.43792364488536,150.40512364728653,149.52419986044467,154.4196530887405,87
17900,486.9020901818365,159.55966829374285,169.6177703770574,164.85818982906082,91
18000,341.5459060590932,114.36410601782431,117.58873668079295,118.05953129644429,75
18100,387.37897622241996,133.18070847493817,132.09464709704406,131.03958925939284,79
18200,425.2518237082934,139.0350672888354,146.85948751497298,148.47265386559025,83
18300,492.8831572543453,169.12499622949323,167.52765426006954,165.85290539377635,89
18400,465.4380353251621,155.32280845405975,160.75138154069688,159.5886808798492,87
18500,438.6770023534856,147.4895485660367,145.90355930902473,154.18115514774655,86
18600,357.69120716607046,118.68656191318185,116.78951368715781,131.74240292266433,76
18700,390.31423846966993,137.95243432984435,133.36304606561063,128.4514444556189,79
18800,400.2463441153882,138.55554182292454,122.49374255907014,148.9111506765247,81
18900,437.96461373902775,140.67221517125986,151.69856729234812,155.74788780225782,86
19000,376.2001150550352,130.53146414193054,129.07643072577946,123.51567883181872,79
19100,479.30630245052686,152.2126675933161,166.77837857199992,167.09443439158164,88
19200,411.71793334947967,147.55319524708156,134.7739831953958,139.01146244502578,83
19300,367.19373750049056,124.17806790488477,120.60580464944185,132.75715902074427,77
19400,421.74857575968343,141.72366976365663,142.83768223792305,148.14580881871166,82
19500,405.19231670567825,135.8278766286483,136.73453482196476,142.3688086097117,81
19600,458.1904397140081,158.04042652782914,154.6350189646813,154.4553355807939,88
19700,395.67428585360614,131.4017044604858,142.05398792081408,132.49372213258724,80
19800,417.0805303788367,143.87341718348497,139.11402186052294,143.0152091865548,79
19900,486.11006933871596,161.10014048990044,166.5036453318524,166.80174736529162,90
20000,414.94784110819967,143.70592013412968,139.7813816114882,141.55486792233467,81
20100,473.5041498317282,156.6460511503283,156.8162083592672,168.39382656534434,89
20200,426.435437760613,147.40993069678473,148.45096999049983,140.9121946619009,83
20300,435.24816243709125,152.31817007376475,140.456887017096,149.47580228353476,85
20400,473.5746306256819,161.45536421989465,156.86340381666514,164.72348186229675,88
20500,456.4062189502081,151.19292463524764,156.7667285917191,159.28991180308145,87
20600,433.1526583158203,143.63394513639517,153.2061252252692,143.34485449532087,83
20700,411.9193214686257,140.72060482048482,137.40735090712428,144.1944355533759,82
20800,388.8353243192671,134.8844259222558,124.82516129362617,138.10868154300894,79
20900,377.39351245250583,121.92332902755261,127.94401700638674,136.18531764234604,77
21000,408.4395393697257,139.4351088575984,141.63726744999195,137.33812024059043,81
21100,400.55318779431195,129.04325754256527,130.1793346695389,148.5025913660595,79
21200,433.4655641559829,150.1125609589864,142.3941417697919,149.2440892417788,84
21300,416.28396540741034,142.68743352237246,146.22391877739892,136.9409508296379,81
21400,388.0965611180839,134.7416280966896,140.1566118067579,121.95473682186777,78
21500,396.25830387071767,132.09319085122897,132.45707845318051,139.89051886831018,80
21600,417.49756256382767,147.70591405035663,137.1232237893013,139.94909420244028,84
21700,383.3290608476867,126.46726665553244,132.88638019916897,132.46069782860093,80
21800,429.2304995472916,146.14123696162434,146.1078216069558,144.3762109773469,83
21900,383.1351467943256,136.6222319924526,128.10520191062207,129.09712872672154,78
22000,448.03619024451467,152.92733632632363,153.0403119545254,152.23463677524487,88
22100,415.95989865695515,140.8614486360931,140.67242675444982,143.10986605591813,82
22200,457.1857134975212,160.51443197436012,148.15585064095458,155.22149789858304,86
22300,483.62629713617383,158.6621457361239,171.89152651821772,161.0124378319915,87
22400,434.57159847386583,147.41130255117588,144.8414849879819,148.6460782351261,84
22500,425.5894212246088,140.83606113275323,145.84577838171742,147.9823285753129,82
22600,410.43180565240533,144.92053006360626,122.02206964807517,153.83799245412044,84
22700,498.3396549927467,163.2681528161642,169.68660648294374,171.95449059034786,92
22800,429.2542179732029,132.73521733559036,150.2374067181917,156.26083878593025,85
22900,370.87538042913883,136.46806905134954,111.39792042478491,132.75446782457985,79
23000,381.6622170140388,136.21718244233546,127.84228360724644,125.79508352623985,76
23100,408.14661720605056,137.7121188497301,133.76707655510145,144.35476578395858,81
23200,396.64006817397456,133.169373004281,135.6214039690198,137.66940040653643,78
23300,368.10704118453936,130.76903325534616,119.50077217813609,127.54519886601491,76
23400,490.8028402570906,171.05489744586978,164.64191969848022,162.72417600400598,89
23500,360.74614896182646,123.95784298148192,112.88843852283235,131.40449764976157,75
23600,376.5108166295956,129.3434844632071,121.57956215616318,136.35638296783858,78
23700,405.7963966855921,151.79422353378547,123.74927390275198,138.47806623976993,81
23800,459.3487578376133,155.93589459721161,143.90743889706783,169.85557011483957,88
23900,422.3120823007749,145.34550225496162,145.76474112026582,139.69226248785813,84
24000,409.8012563925737,135.52283964061772,137.12890696250344,145.79469080567145,80
24100,416.2724543926348,148.48374272461152,130.9957684039027,146.1452200852249,83
24200,405.390652548937,147.25326865540734,135.09582162574685,132.00845947938566,82
24300,428.9696457362745,147.19399468127037,139.64118080546206,152.8257095415724,84
24400,448.6853757125531,156.2279497024833,150.88206212995613,149.3580076902697,87
24500,396.50614254431673,136.713389923596,124.73366191249548,146.58345353666687,81
24600,394.7482542361099,133.20425015693414,134.88085891225938,138.65392455210767,81
24700,436.5841218167177,148.45762508933328,143.62238288817537,154.57852641666977,88
24800,441.1271635556627,154.6087663758658,143.23227958055742,151.98784052644223,85
24900,419.71593649459317,147.85008085141482,134.99752633826662,144.31320404496873,82
25000,420.8014835732422,149.71527408521277,134.7668005370794,143.73202006491715,83
25100,422.60421606663226,152.9741029694248,131.28869293991428,146.07113304493112,83
25200,512.6797580053247,169.1914841425998,173.03757602662773,178.04088671750236,94
25300,413.44247681472,139.5332438388025,131.2282949267255,152.1551706154817,83
25400,433.37519553344725,152.45967683012023,141.17866678330222,147.98343017925313,83
25500,473.521729690628,165.90958649119474,150.7562079645239,164.19073386795438,90
25600,478.0926798583122,161.08817196681434,156.58537789856672,170.67139436874461,90
25700,442.91457116616834,151.34699504823436,144.10105301316764,156.44941032146411,83
25800,409.3876060002677,139.93033699537224,126.9753632774189,150.54982607202578,82
25900,404.3780393555677,141.34951285853265,137.49245764726783,135.4391125399775,80
26000,409.1359550609223,140.71626820842081,133.5948281657415,146.02881770560074,82
26100,445.4930667005886,150.31895559304064,143.03648442199912,160.12180648710614,84
26200,421.4058397003196,145.11655903489103,139.72561370655868,148.8515859939799,83
26300,441.42193645835823,157.99410205962533,132.69358371800215,158.6477473023131,86
26400,403.17853199526087,141.27243439300003,133.4768470953979,136.8819681537677,80
26500,457.76123009163996,164.15547316032777,151.80018429438624,151.83408763612255,86
26600,440.4726008629579,146.27089600935727,149.4771984778432,153.1480188330125,85
26700,439.82410990104944,142.40051028485487,152.64553445882905,153.47635949460155,84
26800,440.52741647350456,145.94666040554645,151.84535765928948,151.420917197253,87
26900,371.03234153933704,126.74729808763337,123.3292610506611,130.99994173850624,77
27000,407.83305366216126,138.1936898876855,138.5091469488211,141.47047581385897,82
27100,341.60484614585965,122.11696074305043,115.18127391409955,112.98901103148476,74
27200,422.99175708590235,150.53990472001257,138.49404754827836,143.61634095272413,83
27300,475.8743372693292,163.00498779818375,160.39865424860918,159.95964167049814,87
27400,447.17366777728347,160.41524953967996,138.89229357785294,156.43096739438784,87
27500,470.7867827657696,159.03506477857155,152.976487415623,170.61673342290146,90
27600,454.42546258847074,161.33170753230945,149.51947721398875,152.76923520353853,88
27700,433.89042420889535,151.21169646443875,138.95241615503346,151.59673711755914,84
27800,396.5139067159221,139.97435218323682,127.97275758898708,137.85068715164863,81
27900,436.5261961720093,147.72200240133319,144.34445230416642,152.0820068489037,85
28000,429.7164252890954,138.24920569338926,139.9932859026773,159.40955667830346,86
28100,422.0517109623886,149.7620818389293,135.62324474697954,145.44268316800213,83
28200,367.08303735877695,135.51664944987317,114.07414590842544,126.77335599827829,75
28300,498.8063600182567,170.42598525895716,167.33911516821337,168.42805116540123,90
28400,488.5581789085309,169.90039500505364,158.61122073989856,165.8836586122419,91
28500,415.8109964465743,144.09306204799668,132.0069799389569,148.39203704120877,82
28600,448.27845509240564,151.71885841421775,148.11253954095227,156.42574932761298,85
28700,432.5194431024291,150.2217000393245,144.29830091995322,146.07893162025235,84
28800,375.3531496529802,132.46969242259868,118.85096928766805,130.6396006245068,76
28900,454.8261487858063,163.45713376767765,144.45576877971945,155.5045967343283,88
29000,458.1408291086343,161.08300255152963,150.68154725442304,156.89157401125166,88
29100,390.31161537077196,135.41165586071668,123.92324317483943,137.88295224785585,78
29200,414.91695820933097,147.05691141485258,133.03670215574172,144.95819954179066,81
29300,432.3112473274516,151.42922307531748,137.23324785925482,153.65993426670428,85
29400,469.7615377489612,158.7170615929484,160.5989652520376,159.45956376711732,88
29500,480.48886287681825,160.018504021018,165.55542669977763,164.57656911030662,87
29600,450.35262355088,152.9727193971806,150.07317240753454,155.09098126427642,86
29700,441.67303726654114,158.2514217698028,142.74889583649008,151.49896250536176,85
29800,486.16306064449213,167.91289376193836,158.43000299278094,167.2282689036021,92
29900,396.0731771345512,145.65965351749827,128.46152962178707,132.6497247349548,81
30000,459.13349970475605,161.64106259459282,149.66873638862884,156.6206395955773,88
30100,488.37337476791726,171.0237590738574,157.27342135685976,169.70454816016408,90
30200,474.9896192877437,156.5796805993996,161.71959511068036,168.1921802461297,91
30300,395.1475934895862,136.94653447875817,119.20559749796914,147.0122219469864,80
30400,439.6334321663772,148.22013453463165,149.76464932453658,149.92270761479693,86
30500,488.2086310936305,169.02495547363776,162.400508578076,165.36580040968502,89
30600,438.20776179160043,164.27588284995895,132.32110471676816,151.15261243634168,86
30700,541.4251628836512,191.99864712455562,176.45727334707823,179.71129939787417,96
30800,374.9078554568262,129.9188358338487,123.06345400648961,130.5799409628589,77
30900,454.2051051776866,167.72093275440423,144.03436710108343,152.3171959564146,88
31000,426.969373853883,141.797442104825,145.0195021924292,148.9079099817402,83
31100,425.1518293227756,146.78342509538777,126.68165418814324,159.66558673744413,85
31200,389.86214959234064,135.72289002153698,129.8249424607748,133.60527271427551,80
31300,424.7104824685693,144.46953352009564,139.61148603019183,149.8763065027975,84
31400,367.73265679801494,125.02562500557768,118.90915906888208,133.09422990173863,77
31500,453.0649217874697,154.73010516059065,148.8850758787281,157.83349528049249,84
31600,437.7824887908206,149.6584663800216,143.74495497964327,153.7957820254045,85
31700,417.77967339058637,153.6235468971345,132.46151771663546,141.63633222241938,85
31800,428.02233799645296,149.3955456799038,131.95214408542247,157.51391324388803,86
31900,471.6077741597749,165.8526075508702,155.62466667851277,159.04927712622836,87
32000,419.25692065138793,150.61213839043958,138.43723730639695,138.46758820595375,82
32100,426.93316137232745,152.74650155380183,132.11840904359826,149.03102975107194,83
32200,409.85704277844115,154.13015053086212,124.88388405774704,141.8157038744267,82
32300,467.71196349543004,170.75325497765786,135.38027219579084,171.74292138315096,89
32400,467.70407802917487,163.46253406978488,156.64620917553117,154.67660549123283,88
32500,404.49814109413774,140.51486041684583,136.05292710914776,140.08182282282635,81
32600,458.66978991265955,156.93520990027443,153.204711735116,158.94018971000142,85
32700,434.4947702527869,141.49090416513428,147.2672638035863,154.4135900561248,85
32800,456.72807424608675,161.49887265447708,144.33385717694964,157.5241596383794,87
32900,460.12486340884993,159.5918466782893,152.25795826183264,154.29542253123793,87
33000,414.9872860888031,142.27278772906965,133.3750781024184,145.02691957622193,80
33100,421.5931535481217,151.79160948511074,125.46940334372115,151.38878581964192,84
33200,437.5619143736668,161.2850660774509,140.86349947422613,144.97344015011976,86
33300,362.3576009409624,129.97842736883672,111.07294174094375,130.22383749159505,77
33400,438.3300295157182,151.70798459443574,145.49770023118134,147.32759025954186,84
33500,405.8060259562878,144.65975680247908,124.02858909724206,143.6654742844105,82
33600,431.89166640090633,156.83479928801597,134.3887255283613,151.7963083741542,84
33700,398.2140456586811,142.55859730481313,124.78054499204714,141.48461061299767,81
33800,466.55336848032016,159.83501775349615,156.07599432213223,159.26271636522878,88
33900,443.95800467478455,157.06654079472435,136.76093605246106,159.6422682763425,87
34000,450.3100117664671,157.69803159977025,145.96422137707498,153.8487532706727,86
34100,435.7717989210467,154.3519977724676,137.2444201846439,151.02999991291827,83
34200,455.8058616830284,156.7274449659457,149.9203555743735,158.3913606858514,86
34300,491.3528694566535,165.79325408016953,161.34992506447813,170.9127518872825,91
34400,451.99497071580043,152.93611178726616,147.5061205153446,159.18468101638007,85
34500,446.1827051204216,160.5452615163348,148.72265869832023,148.0387520605141,88
34600,408.54082040943837,132.84149421622504,138.1533457614206,146.23587942088787,82
34700,370.6761233581105,128.2012826185736,114.32807105367672,136.0888416736758,77
34800,397.60472236529,137.75566279141248,127.13987157516327,140.95423503743243,79
34900,419.1713290816242,140.46626651821035,139.7978808731024,144.26824580969313,79
35000,415.7842808303867,144.1437600987768,131.96339568693182,151.2608316368922,82
35100,458.1151616450816,145.53419295864964,156.9726961760106,164.40002529894025,87
35200,456.9975836603865,156.42766320075248,157.06487337482383,151.44803630233952,86
35300,443.11999644983865,153.91941599135524,142.78897851811533,154.48727344365375,84
35400,497.38251675495167,171.56935033788272,158.48428732105413,174.1702894655557,90
35500,413.9240941558364,141.92044866596214,135.24538710272316,143.99486774222493,81
35600,460.28129730968925,154.80929899353706,150.06597768945522,163.90184332772137,87
35700,412.01149482344243,139.2078779522098,147.41597493418777,134.31700727777235,81
35800,430.52381858925696,144.20878269246612,138.78492967772493,156.35364341511044,83
35900,458.5563774645824,160.75981486964164,151.56066038579064,153.1253200056015,86
36000,464.1678869235169,158.63852659101963,153.7732815775588,160.8645771162168,88
36100,359.22976058825884,125.39518679929387,114.11965331125877,130.59625769984203,75
36200,424.97325974480424,146.9139099227992,146.3222527585234,140.42222836792305,83
36300,417.51254008075426,146.32227008069677,129.01435306112026,151.10557285305566,81
36400,442.80377271438323,158.04712001688517,147.34127687081954,147.3418986734695,84
36500,421.13242335801544,149.28267838415167,135.7744706924011,144.18908993753075,83
36600,471.8525445439945,163.1591104810077,154.87234391348463,162.46509693005441,87
36700,403.75075332039853,133.03144344121665,143.64074784321718,136.02835771535183,81
36800,387.00446642830474,133.68760426776643,118.91451527027759,144.7421793150076,80
36900,390.05283934966656,137.9292897312079,129.68957299964643,132.21820081798774,79
37000,417.03168333294445,133.59913507001156,144.56454172505298,146.4235519813269,80
37100,403.1908087861299,147.61672539181632,124.58465288664101,141.46054331782278,82
37200,425.8388030775142,143.99322126416126,139.75948547189458,152.36782822191938,82
37300,359.53437572827687,123.92047513697732,119.52566548303842,126.85228750464921,74
37400,430.43508372662853,148.4958840691432,138.91830878702115,149.65054290754563,83
37500,426.61964725919415,146.28454425472492,142.80036310656675,144.45007552390612,82
37600,511.0503378570863,169.5244101553937,166.34578474835433,182.3597913171518,92
37700,510.2843261899525,171.42351668477136,166.66221796461025,180.71927507541088,91
37800,476.14551043205086,168.10824157339232,157.29165902570648,158.8786974576456,89
37900,468.8472647470168,162.26178218042287,151.64565630926108,161.7999047431696,87
38000,475.1707696977453,158.2429639322716,168.38463923918624,156.91835781044517,88
38100,351.613759945255,129.5560540533005,108.50563416710902,122.20260529016839,73
38200,499.55052848761625,171.29297349928063,167.97406688973194,170.9537082405603,92
38300,480.72472575427196,170.92672768649317,156.00294373981626,163.27406209007043,88
38400,411.9023706091515,144.60921874609997,129.24542163399616,145.1266531378361,81
38500,456.6339478500551,154.2298324364681,157.19952539143412,155.1299052247667,87
38600,400.87628012029717,141.40298342305195,131.1264686446217,137.2430288127385,79
38700,366.1259363516302,131.13476280327527,117.93981029465621,126.809761735041,75
38800,496.3678992068713,162.17761698942624,167.94713394219355,174.11224023060197,91
38900,446.50847878160124,155.09201103553414,146.360158133226,155.44910668392805,86
39000,452.7222347068333,156.79503196839332,142.63003181937964,159.73830216667153,87
39100,481.9773023208932,161.46425545781472,159.17169728818985,169.0802142736377,90
39200,466.8660507677471,165.76146377340112,152.0383292296013,157.4407682456556,86
39300,391.3748748488291,140.8907750307175,131.8267319976219,125.24626852983849,78
39400,478.0939541711216,155.99980963366838,160.19917854384335,169.44965311214415,86
39500,478.2653955308752,157.72862632640022,158.17677342712358,168.096221339704,88
39600,465.46510024219316,159.48052456756798,151.115166241179,162.50979649949355,86
39700,459.3025359632388,155.94897323449118,152.08322273568854,157.1695169324813,86
39800,502.6213060093754,171.93317337227757,166.42535105312444,173.73842366860953,92
39900,451.4141407897134,157.00284096194957,144.98372600708115,159.65416233502813,86
40000,431.5667191526329,142.83116579143748,148.05506398003675,147.2453076294239,83
40100,401.70797938767174,144.46584154245846,127.25392421235738,140.6819293838594,80
40200,432.9776380273813,148.8026288525412,140.22426613380156,153.2783084213507,83
40300,470.2608007855322,163.19694184528655,157.2361040803443,156.46891169180685,87
40400,453.7341013508605,154.54736739323693,150.72458553194974,155.69648755521888,86
40500,480.8916619965325,157.77735719628538,156.7764946868974,174.00245963393164,90
40600,459.8147836084531,155.66205254987392,154.71529277217795,156.3387602038745,85
40700,442.4421022465235,154.83459747249165,139.80433037223509,157.86244653224358,85
40800,472.81913788382354,163.09161812951695,148.43686038710587,167.92663012873544,87
40900,398.65603805248617,143.29500420175225,121.25104874601426,143.81998182147865,78
41000,446.92778651945497,152.86545188670695,148.62481646042374,155.18110249315362,85
41100,441.95126091818776,147.27985266955685,149.98775715003984,150.6855078621524,84
41200,384.9620987696871,132.62290968201094,123.28645751672067,137.16389872351266,77
41300,469.96240982115233,159.14613997436257,155.7576538311404,164.2628029755376,87
41400,430.8006718453332,145.64880672749857,140.55793327258914,153.54380762213947,84
41500,381.8860319398693,126.88045299779989,127.82882686797326,134.6963609455441,76
41600,434.15706441620574,142.5438910016439,148.71825093845496,152.66807638649553,82
41700,439.75745968771173,153.19414235206958,142.13709581306796,153.00000405243372,84
41800,393.88217089387,135.13433433227047,129.73109709752654,142.338640725648,80
41900,423.8416259059595,145.55487828155663,141.16176900763392,146.02610003258303,81
42000,440.11959892328406,149.72996863714263,141.83001404078394,156.9274381145595,86
42100,427.4117626192938,151.3330868135539,141.38002509770274,141.43453935457808,82
42200,391.2503180569389,132.7315689176442,131.82179267352055,136.8521645752426,77
42300,414.32787549495384,138.2012286921946,136.25364105368755,146.47868701792248,81
42400,428.9177037363568,150.99554786344572,143.95355706929553,143.53318242776425,83
42500,440.3070041953753,148.83784352329718,150.12191666715154,148.06661307460223,83
42600,441.2367856398809,155.45531572399614,146.01139314643132,149.51611452458698,84
42700,474.10328488816265,162.97228973185833,157.47139219807912,162.08902590615708,86
42800,411.2209018997028,140.9499836563661,138.5480507066326,138.25478817440197,79
42900,470.8431764872748,165.3894532308238,142.1229240256264,171.85458128985633,89
43000,459.8864231984356,158.4695983115804,150.71299274810823,160.63695928845044,87
43100,454.60820737798247,162.4220976757929,144.3418485028049,156.07762920133916,87
43200,358.23828320294905,124.87094675398029,112.17514557559335,130.84101809547502,74
43300,409.78846234999196,145.11090779078506,130.33745637392605,144.16412969316002,80
43400,397.6042240906052,132.63095653882357,128.4599689284514,144.49304343898223,80
43500,401.1237837559539,146.1416858982169,119.86165575245279,147.23086325418672,81
43600,440.2303891616949,151.15759825899505,136.47437937703336,160.47087241513972,84
43700,533.4465000880703,177.4487578821202,175.58323119306783,185.69234685725624,95
43800,400.9243614627367,136.8464047332877,133.3196541545559,140.28407749392665,78
43900,452.5087848726122,147.36698196184537,157.6373449872433,156.03137831904942,85
44000,386.61614526250816,133.56892608196114,129.08296289705365,131.46005448972915,77
44100,397.8959548020765,141.6370037500003,121.43170528280358,145.19152889430646,80
44200,397.1764234005636,139.1949374566554,138.08944080757246,129.0459585489368,77
44300,457.3211084839436,153.79714011249771,154.50943238996504,158.91127820763163,86
44400,424.45392289997983,148.49515780136136,138.7354409212912,146.94340318493659,82
44500,445.7513665614112,160.07200598337596,147.86389599647828,146.05828612655915,85
44600,407.01463472215465,142.99783766976464,131.79930005437564,141.2399491206093,78
44700,443.03681268708186,155.99482278559418,144.3018977677756,152.69860302116496,85
44800,440.62826273391016,158.53189647265341,140.20949409425958,153.31942227426254,86
44900,494.2910017595983,170.63312714743697,158.6073389847449,171.7908042594974,90
45000,404.4728393117701,133.57654279728777,129.27358549692045,149.02429136350236,80
45100,496.1969954085795,173.38876527378062,156.99474067568542,174.27176437885947,92
45200,367.535233818594,121.40711219541171,115.48325342437482,138.64222301670657,76
45300,396.7467631684435,139.64040452680203,126.71214476847119,140.16303332217447,79
45400,423.3290858564235,151.27856029987007,138.31573572854376,144.33053078848195,84
45500,412.66429708384806,135.39154879005943,141.18777600986814,144.27792741542368,80
45600,349.2194101061843,127.95864958282775,106.13069927795613,125.25561335702955,72
45700,489.97783404017065,172.37973011256506,161.78939865278008,163.08822487227664,90
45800,445.74200933238404,152.7230752343116,146.8772302159502,154.6133085525329,85
45900,435.54317003952536,151.87050194377386,141.7894324999957,151.1010112728436,84
46000,353.2754646684584,128.47595446592786,107.27681197300035,126.60124028477888,73
46100,406.98349516993693,141.7689406054545,135.33918620704654,138.58998291977295,82
46200,389.0175396904834,133.65492362901034,127.66600524714708,137.45359214051072,78
46300,363.4796509586502,127.26693399638613,111.62284354349659,131.86086118663718,73
46400,364.3171183300915,119.30976450768888,118.75698816362444,134.41514178470547,76
46500,387.5797973407062,123.82797733257433,130.96007158898772,143.56789164835894,80
46600,382.01973259477495,123.67488201304242,130.35073126327464,138.38782759374,79
46700,363.23655533949875,125.03211666750497,111.85997642854056,136.67593338122117,76
46800,276.5064480752178,93.37973669798828,97.91886601743434,94.9471803957071,66
46900,385.7235811733176,135.4153927993144,127.59529119957121,134.14671893475713,79
47000,367.5694208162162,124.32840320224895,115.63689276126361,139.87110071567173,78
47100,329.5485856018864,110.91068696831663,106.7254404718824,120.68406689122726,71
47200,367.98192526856525,126.38363434101677,119.07374666834207,132.15064376095805,75
47300,414.27736197312464,143.65236497567514,128.04579777679083,153.00115421129246,82
47400,332.4214246449468,116.67642469294387,101.54071581271305,122.50155942606858,71
47500,427.3590533216618,148.07202490186418,138.8605937779668,149.39500303313295,86
47600,402.4986319311426,139.82281322773116,131.06688269736964,140.8474236229007,78
47700,390.2427989407477,130.2219448829017,126.9992507190669,138.21843785959913,78
47800,369.37834656747987,121.85873733432081,128.57802271095466,127.98968990093861,76
47900,438.624495434198,146.37693221293475,151.27293731051594,151.14636877684407,85
48000,381.8066193138459,135.6392125194943,127.87378421866569,127.0314969588217,77
48100,393.1885057678651,131.3508137573673,131.24756713625453,140.99052759364196,77
48200,371.592379450694,135.94628523809288,110.7203811440161,134.42583934405965,77
48300,379.3254414829569,135.10760890881457,120.75556260066331,133.3883339376886,77
48400,346.1275384016319,112.60491350231014,114.2953366350434,131.04434018312168,73
48500,397.38516979536047,138.10896498350507,130.71739158191247,139.12464769675597,81
48600,402.882560506144,137.0307418696819,132.1488759072338,142.19995078927076,79
48700,355.6218065291739,125.1592874164661,107.88413058111229,132.2071940039433,75
48800,292.0876125862978,99.14501462761693,99.14342924802393,104.56923210307522,68
48900,390.8541053819322,131.11351507343554,129.73178560523297,138.826047338037,79
49000,372.5908333326167,128.80750588137806,127.59462327228019,125.9417531304196,75
49100,437.0694432441753,148.6975795724163,146.137806885934,151.61595004718325,81
49200,407.67735579934526,138.26369040422807,133.0662435453036,144.06140365044553,79
49300,374.77502427525246,131.76561682949733,114.6214355726716,136.48645268991922,77
49400,312.04130165678805,107.9830812619447,102.38298873527779,111.95815303520857,68
49500,333.5030549142029,111.81206127804437,109.82304161745198,122.16125201085279,72
49600,383.88560725273584,135.0949849974285,132.91412618035986,128.49213747410056,79
49700,354.50334602355383,117.50080569048897,118.19370395029175,127.04405327452591,73
49800,388.9373887458828,131.12533646031156,131.1938507444758,136.77328855127033,81
49900,342.2465605200305,119.79093845716723,108.53365763879157,123.48275366083513,72
50000,392.72791013950604,136.73034300003735,129.0666043781462,138.09542084092888,80
50100,380.9248978778653,137.45199672347337,116.02300637760145,137.90060606758755,79
50200,397.1534582790899,144.90450009564142,128.33908514488587,133.10427585502327,79
50300,349.04661593068505,130.4804363852514,102.51141376285179,123.99046352013694,72
50400,401.9101841483908,140.53081555561076,125.31401720473526,144.4833006949526,80
50500,436.2427977879953,149.5061229246155,141.79110768074327,153.07844216580287,84
50600,441.5071438022449,149.49346462874286,151.0113639877505,151.29344071026043,86
50700,433.8297523610319,155.5348853205722,136.76450457576274,154.41751191821086,86
50800,425.0374300827473,144.40345973219615,147.52642235125623,142.0072950502467,83
50900,440.2643547387828,137.91519658229367,154.38267956337972,155.367757942712,84
51000,311.61371618597974,96.00260501775678,110.04644332415181,113.19163562771227,68
51100,372.4222625001161,126.76367055306392,120.24013260955586,134.32742591146223,76
51200,332.75341775915,114.22002852424184,108.9437981536766,118.67767744970485,72
51300,354.2183043113892,125.34873896177976,105.83278037704063,134.64085375519124,78
51400,451.4759946462813,159.29501720966326,150.37863438096485,150.41227845123814,86
51500,473.29467200495935,168.60271836458963,153.96201267988204,159.51520195431436,87
51600,361.77565378818974,119.51564688181375,128.83195390720306,125.66814233668521,78
51700,395.86051536242167,136.06729322046036,119.69497913390532,148.0586664257734,80
51800,358.39682878129753,120.06903661809218,116.40721819315026,131.89149747522822,76
51900,454.1151730858475,156.76003439931472,147.66939917820943,159.02273594400103,87
52000,453.51970016394046,151.7072765764142,152.88898667794302,160.63714715298255,86
52100,360.7582288979044,128.33025995185037,106.59080042909586,134.22044652626354,75
52200,432.70088836918893,134.59346607142683,152.35259402616768,153.9292648502217,83
52300,431.11420535218195,146.95773755047895,139.15247542627105,154.83093055212012,85
52400,410.98200390605797,148.45733275754247,129.0491281673564,143.57158101068774,81
52500,380.19869083366984,141.80295143335405,111.0577851561267,137.87894733077673,80
52600,461.4094724004559,158.23169442928418,153.91506425385325,156.56928091046294,88
52700,428.4097275237357,149.6449745047173,142.955586024831,144.1080946200875,82
52800,375.90719962840825,135.25580829104592,115.97126280662381,136.07045338204193,80
52900,342.5058727326621,122.63959207754061,114.72205312246747,118.10326533872583,77
53000,446.03074726214913,157.66639574646172,144.49505697570083,151.84393576161605,86
53100,450.4522931743629,165.42940626404754,136.92713277965453,156.60127572377613,87
53200,382.18213863531054,134.60271316862836,128.64733238393396,128.14406758244684,78
53300,458.05438433466173,158.058100156594,153.20132304738792,153.07653720941767,86
53400,419.27595420640534,152.7885502138382,132.9825195733003,141.90590087617332,82
53500,483.9009300696101,162.44147169747015,158.36197364328262,171.0870795908055,89
53600,414.50896945059054,147.29373922100234,133.97865925932467,142.67217357570516,83
53700,465.9936598307704,160.2449975077484,154.36642099561266,160.13271826438438,87
53800,454.4461444608871,161.04753272049683,139.33008657171425,162.86574597612443,87
53900,404.18316444250223,137.7117798729106,137.99201636826484,135.67255318292572,81
54000,409.21413775961815,136.4959316567451,137.7016897441328,144.84274833316127,81
54100,461.4299542329386,159.1959516958684,149.57243693402407,161.2224869366414,86
54200,506.9752927261634,178.48699055879933,158.3447001142722,176.20050868229507,91
54300,422.4782880113147,147.59369791645443,135.62190140963315,148.28455937456428,84
54400,420.541327570807,152.37747725853717,133.4678897696984,142.55749795044858,81
54500,499.4795573444876,174.0820607179102,158.5050140100993,173.80141836511717,91
54600,394.71932749730945,147.35481730886912,126.57290057961762,130.30462005843765,78
54700,421.083500537949,146.6443863135993,135.03086860158803,148.73442300317848,83
54800,394.3300103810774,139.27240306173053,125.19259989637241,141.0636263788614,80
54900,434.5571698699158,155.12532900532474,143.75467208609024,143.86381416470297,83
55000,436.8796528648187,159.6277804243185,134.5431306680751,153.06975874185423,87
55100,457.45855762975197,155.6223091617395,153.08801317596104,156.78817802343522,87
55200,436.407516838962,157.455799633914,141.3202261861746,146.85918434873432,86
55300,452.6332757956625,161.10828065376742,147.11234075572023,152.91407741120648,85
55400,467.6545345418728,163.0300521011707,143.42435471242243,169.0504780953171,87
55500,509.83367669957164,175.89370653863187,169.2652369441813,173.36121096598492,92
55600,403.5002115320734,142.09162413639086,131.6350643807503,140.2216568212197,79
55700,408.5626365222481,139.45507744903955,131.69566796793043,147.86016786084883,81
55800,442.4886774175449,155.53886119070503,140.00406960820425,153.7806397944351,85
55900,394.5031509294409,137.51518958721314,131.3210149538914,134.62983577916705,80
56000,375.73498368863426,135.8194695194312,117.42703671151358,131.49132298940248,78
56100,450.963323955387,159.1127946052761,142.81580955177935,160.84573537465184,88
56200,395.0168454722862,141.38047043309115,127.74522097092019,136.2155365570708,82
56300,367.4601967351063,128.0108337165995,118.83752941499625,128.30269481206528,74
56400,445.7809712895954,158.4577034072968,141.20340307720232,152.38580724891835,85
56500,467.0170724223985,159.7128079741713,157.35996868405147,158.49151880020173,88
56600,433.4409376597548,148.81145917632168,140.52398467617485,154.06101181358545,83
56700,436.6813220071141,150.905225505804,142.7338068840852,152.1763647488029,84
56800,442.66480070090324,155.737677383095,141.75028225594994,153.35701312633873,85
56900,445.3842642851943,154.2098649061703,140.8760450819751,157.3884381936928,82
57000,413.3834877308529,141.91711996290522,133.34317445069976,146.50634103195065,81
57100,419.8299694277292,148.18071652136305,141.47482478605076,142.4527599854861,81
57200,467.9645670487269,164.15877315176752,152.43377797774315,160.90263237891617,86
57300,418.403711796008,146.3316778382691,136.88938137609549,146.25137339775713,85
57400,443.2024007005486,149.59550977092434,149.6624696097977,152.32203510966494,83
57500,425.07964236949954,150.77836794653976,136.62223843277806,146.45425512597558,82
57600,465.2193342152929,163.9479807814189,146.7236056507879,163.58522529455547,86
57700,371.9861255886881,134.09522142287057,110.85703997889857,138.21096670117151,78
57800,444.6009911654265,157.22307982010062,142.10776048876232,153.58783181231874,86
57900,403.8626264264424,147.64034155744207,128.64308182273973,137.10282655948689,81
58000,444.4291621198062,160.14074905963284,142.79541076437002,148.80927269553234,84
58100,501.4147249578042,171.6645994075999,167.7180464492915,169.09570740894415,90
58200,457.69869301070185,157.08907447233537,150.6088691866366,156.0132210111478,85
58300,450.94394909852036,151.9091854074393,146.828244857489,162.2016317141022,85
58400,450.9094564138343,161.4136894182313,144.16958098891118,154.73361936062133,86
58500,483.4828646868992,164.7503730249318,161.79417533773116,163.55886260960247,89
58600,442.0473980186676,153.8671808979036,148.38545225493917,147.1772826664877,84
58700,448.58078828387175,149.3830268874683,150.47587109336445,157.10836422338784,85
58800,406.60345271454554,143.30971589926392,129.9830200298161,141.65395813984944,79
58900,475.1746819048492,164.16785164816224,154.3230393183434,164.81140252654075,88
59000,464.9613703933946,157.82998672312027,152.51983411090558,161.06296221029245,86
59100,452.5567863985873,160.92651772070266,133.4233872383221,167.04693684246325,86
59200,370.34845785965916,133.99223776959116,111.69684421223461,133.89379348158656,76
59300,414.7817107882876,148.42364001309633,124.68456450509626,148.22270049522587,81
59400,380.5102557443933,126.9818008732011,130.17060199254942,131.51377915920415,76
59500,402.49558455184894,145.94172270112324,129.77012869342067,135.36658209977125,80
59600,425.3176397057789,144.04059189448463,141.99898883967944,149.73445549947573,82
59700,301.10525319126884,98.67886588523923,99.79182078529111,111.92224477752981,66
59800,426.83042134686514,145.08869463301687,137.43258612952678,153.74789942932767,83
59900,455.3392290794145,150.45140706587824,150.16336003225743,162.96127851956072,86
60000,415.08102385877885,146.36736819637468,127.07332519601738,149.85393084623644,82
60100,418.62325625310433,141.8915933418683,141.60320844326426,144.6987340821953,81
60200,439.5390105687162,157.26197111669472,133.0786262426499,155.47703374490987,83
60300,427.6483864139644,147.54091295888185,136.59008209493976,152.91890329840484,82
60400,467.8834742963733,158.85552909558646,144.1351109793395,173.97934724261472,89
60500,502.17419012085907,167.36122782829526,169.4410588310167,171.78246296866655,90
60600,398.06595305951504,133.8165980667456,131.2075856379952,141.52579442072894,78
60700,430.31383753627046,151.29425209782627,127.27986841911881,158.56745269490605,82
60800,356.4661397311653,135.23565959131665,98.23392374223788,132.9018240825461,74
60900,384.12836426894864,135.9247352247365,113.40581567932588,140.96813362023357,77
61000,381.40164600856735,135.14145322387697,122.60766121236307,132.92814273061384,76
61100,444.4211909840489,156.82184268400897,149.26946624248396,148.84265640667832,85
61200,407.5675790917642,143.14054339722415,129.06996499179837,146.57708306696685,81
61300,375.7075552120285,134.19886121907285,110.5986243018665,139.9396678139996,76
61400,383.624583829747,128.17935113076348,129.36723204924024,135.92735931634988,77
61500,450.5125460495168,158.7853605998933,142.39409110485695,158.21541269941602,86
61600,439.14587477087065,143.63571369205184,147.70059535772162,154.48498989135328,83
61700,406.9845755464437,136.39459709958462,127.84814708638216,149.42138079809789,82
61800,488.3624938539487,159.41750534845926,160.87725876468636,176.12473623818926,89
61900,337.27212046960807,118.61416618070241,97.43805549051707,131.10585880000932,74
62000,368.5205483737267,125.95752139134207,113.25409574649737,137.24606435592247,77
62100,439.7315393502293,153.3590754935231,140.93142104038878,152.71184208349007,83
62200,450.17132415120824,155.7469199055007,146.10767006368067,155.57705737276228,84
62300,439.5483758036854,142.0857551662506,146.11560609523235,159.4860785780396,84
62400,429.8666553215228,141.75110561821293,148.4267513914177,149.2651000637884,83
62500,406.7197034306505,131.37144885791378,130.57109854352558,153.76764611063274,81
62600,458.1955931485422,150.72295197366805,149.31243280999163,165.52091126778808,86
62700,440.64249091737406,134.9123918050517,156.9048599480802,157.83373507803898,85
62800,473.49401653176466,159.77022906749008,156.76483938104397,165.8855002052709,90
62900,385.6882122325453,130.71586375644029,131.2697436965984,132.07321971296363,76
63000,398.7539903784286,131.68708691619514,139.02268623239337,135.43652326128407,77
63100,402.9045584655328,126.54684257919064,138.431993826333,147.93928928571515,79
63200,462.60753733799436,161.57191372623691,148.46393909880294,160.82679580821113,86
63300,500.2031574047352,167.33261490913878,166.52995309155187,174.11920841447912,91
63400,422.8398899010054,150.76596347508314,132.50317692926248,148.18595539246607,82
63500,436.336091810405,143.09170815098867,149.00889432230417,150.51927747552324,83
63600,479.4775361860445,153.9820205022397,162.54285548942028,171.57446913010313,88
63700,422.4739154046999,150.55042250443145,136.81096256312875,144.81558618978758,82
63800,418.02673685578657,145.86871308236607,128.70921120217017,153.332313897558,82
63900,458.6481366679377,151.80925844571834,151.5850263336851,162.71213933208546,85
64000,470.517337720593,161.4313355142259,154.05060869248865,165.87943024192074,88
64100,463.4703596505288,158.77163996858945,150.45339526034414,162.8699146710411,88
64200,445.2033521302108,144.38650454507933,143.90036978114347,165.66119808344982,87
64300,445.21763719817415,152.01409643022944,144.32384970119594,157.02889797497375,83
64400,385.81874098441403,136.9400176938445,111.66218546958333,143.3311019215878,78
64500,417.5477724638552,132.83075299877063,145.52047124630667,148.5528817038663,82
64600,426.85509355623935,144.2055747844776,148.62183595778927,143.61226835210513,83
64700,460.2498731188257,146.83723929518803,160.93446043976516,162.26622142910387,87
64800,469.94493412864495,150.26970340953505,157.49948723444112,169.55851407264308,86
64900,461.89772590680036,152.46937298513888,159.12531247245226,159.27618606049737,87
65000,453.41443535544056,149.73030609579646,151.39300920962245,161.2864286058196,86
65100,406.2024375289053,135.59069880682625,134.85585695092365,144.0632932168917,79
65200,429.40593813297943,150.10803812159043,131.98963714690265,154.5996301309321,83
65300,446.82999249216135,158.18049079523945,142.97560410066444,153.76433335662762,86
65400,414.6764819871949,130.8327665736491,144.4569332300866,148.9711209421479,82
65500,478.69134730028384,161.66024473639504,160.20657888510826,164.11388793136766,88
65600,422.2580651548077,143.25209189864464,140.81385912370894,149.92827374594287,82
65700,449.1169552018358,150.95878084513194,148.13168819914057,157.5356938039191,86
65800,411.67404585946565,132.47027498415505,142.72341730564244,145.8740554011795,81
65900,451.56777565352496,151.59082801088283,150.49859961003935,159.3871521594192,87
66000,450.1831241072515,153.5266005790563,147.01030952491735,157.62814367901356,84
66100,458.593177423647,155.43748959087222,158.24983732151384,155.1076539626175,87
66200,457.1769666826575,153.17489730284518,151.67975897694788,161.16894301778436,86
66300,445.8030100458356,145.88759999101484,157.4633538122618,151.0760936861083,85
66400,439.50118755589153,143.82571949166072,152.97200914265895,153.69280163364965,83
66500,444.35917450431253,147.44344452563067,152.18874166639046,152.59659685885046,85
66600,440.6277571547142,151.38406570012435,136.24431840765286,161.3520483298633,85
66700,418.42864416030096,137.63509227450726,140.70225346877072,147.1538657944548,81
66800,448.8109434338673,150.41699345076862,150.1396454401239,154.70096728096968,82
66900,403.4864884000098,133.7340634459918,133.5701536716494,147.0270844330344,81
67000,432.84966767452966,149.42591322318404,137.73022555818386,154.29995362618848,84
67100,477.4955098622359,153.02107388981153,167.73527226375612,165.6174101623648,88
67200,453.08749247592385,158.7893752477388,143.57073424892099,159.05528136258283,86
67300,474.04960322006207,163.09454597433293,159.24199658817435,160.53520794227288,88
67400,397.646773254213,137.99288160804042,129.88463968195663,139.5690459935812,79
67500,443.30751109573316,151.834598467344,143.78352511074533,158.61287146264868,85
67600,463.97747623020996,163.75548986785495,146.4072989976982,162.026440373061,87
67700,470.42087484107543,156.18066137538088,160.58440451640342,162.1322589516408,87
67800,364.4798986741516,118.36072853145299,125.72451638791112,128.34497152711455,73
67900,433.7827527192522,149.06726971038316,142.54117779854192,149.18269689468755,83
68000,434.5546605600661,148.80120665637736,143.77715262192405,150.04557769934019,82
68100,369.29095603462525,132.24789363168642,114.8467517270168,131.88087643588435,76
68200,414.5745562535587,143.63351316306768,143.70207748885784,136.27889875863684,80
68300,465.49737533596885,159.69422396445168,154.6642303032794,161.45712013891176,86
68400,388.55925166882525,132.279886171839,130.85201536395718,135.86192638360893,79
68500,420.4013121219,134.3175709849376,143.9268253310024,149.7678489257478,81
68600,478.1775888107306,163.68930942879012,161.15687718732252,162.36642982423007,88
68700,424.4164099493787,148.77538951966307,136.36846672607166,145.97512041483978,81
68800,457.2951932594322,158.5640283531964,157.13700636279518,150.97282874679473,85
68900,436.65052419049215,142.28425475602273,149.1030528202672,153.12099176806333,83
69000,425.99086197989726,147.95846398718982,138.52954789015538,146.28187427047337,80
69100,464.6734824886218,156.62006863878122,155.07849735966997,161.84502830259638,86
69200,447.35099697074816,144.94010962903823,153.63987130185384,155.9760968910831,85
69300,453.5647961338759,155.34868162863575,148.1061376114705,160.76704427751966,86
69400,496.2092704803875,168.5487409504001,165.63093153862883,166.71716943352192,88
69500,435.7737182881265,148.20224893125499,145.64406023064356,150.33219799474193,84
69600,468.6449131068316,154.1736242575471,162.23569422826083,160.46254277889238,89
69700,440.9078741081488,148.37267053643362,153.3728406609751,150.30657044489277,84
69800,382.51405685696255,135.42457337860515,127.6115725827286,132.4694774421538,78
69900,445.88652584052994,145.85985186001378,156.03928551324367,153.0388383373377,87
70000,431.5525205749595,148.1337678391302,143.50610701778595,149.6315082005249,82
70100,483.17924015334944,167.2496181123289,161.508205438126,161.9088143667105,89
70200,432.0226998266519,149.36300439655162,145.85158021493854,145.47002739442607,83
70300,427.6226805630768,143.4832766771576,144.12122275428302,150.77244984572783,83
70400,525.6894519441411,177.92021234203247,176.7698147863033,177.72348409242022,94
70500,435.3118203662653,153.49255750310505,136.78265553823007,153.30584997245313,84
70600,478.691721529276,160.49845498859958,162.12022072542376,163.43283692172034,89
70700,423.47528321760944,143.81262120780877,137.75837478816243,150.34981487610617,83
70800,393.5616465426147,142.86761118025902,130.5461225388156,129.75682343592553,80
70900,429.3809106767429,149.41535176369277,143.5100581878987,145.69319869948376,82
71000,526.8667416349562,176.76102537802953,180.35577099682777,176.572507100893,93
71100,427.76336398066314,151.46220342285523,133.5524668870263,150.96816572762182,84
71200,409.3005486997183,134.35076044578935,140.91493308429241,144.41039479354257,80
71300,424.5724713966166,148.4593939579653,137.60814493401102,147.16178376650475,81
71400,387.42361120987,139.96312953473895,124.48622211021502,134.44885320313068,79
71500,417.7285346385847,139.53031422134762,144.0906413841151,140.31580665544368,78
71600,403.1508447033789,147.3776648719525,129.25951131847648,135.79076200647353,81
71700,418.9767225891384,143.7011842526702,134.74479938327428,147.22011366240864,81
71800,309.6575789668215,111.62587213564302,104.6000000328486,103.06920821374015,71
71900,429.3623223843864,146.54196105547317,148.38294950362612,143.89532602569528,83
72000,404.0629669826698,139.76250829697148,139.26492712728353,136.0636517260665,79
72100,471.6691793598184,162.16097451520403,161.390324811923,157.0259976712698,87
72200,463.32969681361175,150.96234389391122,155.842504496434,164.6109191854214,87
72300,449.0506196467018,151.31744607582297,152.60042009425297,152.6902528979974,86
72400,385.09932072575816,137.39525049092197,122.14833226186255,136.57657454615793,79
72500,432.4226007560093,146.706900460286,142.27721000075567,149.61072002948825,81
72600,459.2534182958966,157.10922661294555,151.46676915318355,158.05104903885984,87
72700,388.9233237374503,127.16004555370917,133.97299461055388,138.51670427936048,79
72800,443.45719467147933,149.78230572174337,147.90977274053267,155.33924595573143,85
72900,420.24833389895053,150.46648142524256,132.5433234120149,146.4108583521719,81
73000,419.56590866207074,147.82794346981944,136.10973055268767,144.69700914056332,82
73100,464.7614146480732,159.5095899826044,160.0195153961646,154.33209221868344,87
73200,444.99879879408684,160.1529078070177,147.8952156544066,146.77024467038012,86
73300,416.5614948810395,145.92879099650185,134.89476813739225,143.91336789356646,83
73400,428.66057394055764,150.5804906727152,145.17304935522253,143.42535162222725,83
73500,371.76305115580266,132.56690552847365,119.06998484282633,128.46897969423628,76
73600,381.0444178815469,136.97224329357255,129.00142105541102,126.0051133255256,77
73700,379.98601453209756,130.92164675432204,129.47270173199334,131.81080438183812,78
73800,448.91236531651657,157.51726559255886,145.1112661107457,153.81850620497806,84
73900,453.6924565727713,158.12815420505012,144.81623369490225,158.28057762079752,84
74000,410.32063976368147,144.4264457355274,132.06192926440042,143.57650478891944,80
74100,448.07736368821935,148.48243826808314,152.10713365506072,156.80406658183563,84
74200,438.4260502014975,150.18197976453027,143.56195538692893,155.01344916095695,83
74300,398.47026879213314,140.31214050313503,130.26139098291867,137.8621835809028,79
74400,431.9082448787032,151.06851620299926,137.89978860603543,150.0582117883407,82
74500,410.35053352695695,150.95362881658562,135.24296297657568,133.3193092455489,83
74600,503.9135756715669,179.9219624198403,157.8724405060388,175.1907854355151,92
74700,389.55924985443954,132.83305706104287,129.9042660535319,134.8335545602419,78
74800,483.3326210115313,168.75608637878406,160.53697463082077,161.06056443244861,87
74900,430.78397949876717,152.5464196562261,140.08780967540687,146.77125038400214,82
75000,410.3590797881198,136.67310729592722,140.26081320028064,143.2853112401336,78
75100,449.02556407971525,153.73457858533743,144.52573701500668,161.64170381061405,86
75200,487.9513945282815,168.94619384666947,158.9206276338059,170.85634068283724,89
75300,364.71287690948157,128.23634469312884,124.27827188267008,120.42470773159721,75
75400,369.4699860321369,134.09178515429153,125.80301118828221,119.97532892798824,75
75500,496.4931644833741,168.71614416293204,165.07202350156678,170.71519334298944,91
75600,487.6446988016693,166.94323442588487,155.60454942166808,175.01495255929697,91
75700,426.3123627201104,148.40573662593997,135.97083397224193,150.78685144025565,82
75800,425.0415914859563,149.4533969971232,135.85757863004957,149.08756991243928,81
75900,397.50333095038985,135.41488368537827,129.0201413691201,144.82198572979848,79
76000,425.0243644697588,146.99452933548753,138.5709742875915,146.21627468260095,82
76100,397.61741398066204,139.59315961932614,127.77941031045077,138.6424904737166,78
76200,454.3048106214742,159.6410417069867,146.4987138859446,158.74531318818933,86
76300,451.244167214082,155.811391251027,151.77577249685947,152.37524174646444,86
76400,418.17809506224944,153.40309835543445,132.77951460122233,142.44732174532658,82
76500,420.96466521339806,151.54077559399715,133.12544235559807,145.3159764202246,83
76600,385.72055610310696,137.3545529774363,120.141799683661,136.35870379465428,77
76700,463.35075267869587,157.60996386604347,154.8874475289309,157.54652274767085,86
76800,393.27976618176433,142.8984697937729,126.25008045950963,133.4786458265812,79
76900,431.56313426637064,148.6276760146845,140.25247971581618,151.55285214656254,84
77000,455.8146849330685,160.1735183478884,149.14656890849452,156.7325181309952,86
77100,423.4047083181274,146.60989649358388,135.74277513408742,152.89082689257938,82
77200,428.85421286804996,147.11930923912078,138.30125791547832,150.6558576111259,81
77300,427.6471658738792,155.8862931843595,139.23977383916045,142.1581763422977,83
77400,380.0111000895476,133.43680884253723,119.54374999279162,136.19246181231145,76
77500,459.70741099151275,162.97435738954542,143.200252424279,160.403281629535,85
77600,475.643321975746,168.57261539781567,155.4060831321312,159.8613092444478,88
77700,449.0009305093765,156.19420580544437,149.34808862844054,151.26459352992475,84
77800,416.08591245662757,141.08303852703204,136.6077068525142,146.99356620302552,80
77900,365.19022543316294,127.84955693975675,120.19849607059054,124.41473718067431,75
78000,303.2283985471884,111.16743479594523,88.10652159991704,114.11841084545915,70
78100,364.4309670528951,131.9062286490196,110.9836086358556,131.44072690694364,75
78200,492.78897749690464,172.70377407853812,165.7152796331368,163.44566444756848,91
78300,511.695092310774,177.93629178264266,173.40695981759418,169.1051205531364,92
78400,449.1064565236418,156.4395293801117,144.86420620285298,158.62071683585285,83
78500,438.41367861105334,149.8858940471313,144.26771843818665,152.13769648510024,82
78600,454.4197209943902,155.9481766222389,147.21011050219147,158.94412258176723,85
78700,416.5014768775433,147.1042605930364,134.81523201932083,142.66191757368287,80
78800,432.9984138961153,153.9799094353203,133.67953114496194,152.35104363084136,83
78900,394.75951189024994,138.57567758622332,131.55620408582098,136.5197935538017,78
79000,464.2575706777818,164.2144130860249,148.00238947027512,160.00544126709235,86
79100,369.4645699858085,129.40478226805553,113.01047841204577,132.95066025245956,74
79200,394.63735135513315,138.82944432854694,119.95067253511095,143.24907288190516,77
79300,340.32513821389335,126.3393950848395,98.45305956768219,123.54576989126724,70
79400,439.19707148678157,156.14101757984838,138.36148850424595,153.29363995559694,84
79500,406.8524794367433,143.59845713489585,133.56705657741404,138.3198151472643,80
79600,465.48893591324276,161.587587834115,152.0966149259347,158.52490420797915,86
79700,415.2214057714547,144.87475489576047,137.76929961610557,141.87934865808134,80
79800,327.5729242651795,118.81698463411414,98.2830774491364,118.19584290208519,69
79900,428.2357627008628,150.57972208230555,139.0857558406144,146.15582557713316,81
80000,439.79751482823383,155.32924425163026,141.49394374193042,151.66017679340644,83
80100,392.9923604024353,142.02433864687254,125.15464795328496,135.86448868738492,77
80200,462.3735047905294,158.5231062893859,153.08013407365686,157.31202205640636,86
80300,391.56204430694453,134.37281736396034,129.53172919979056,139.22868945661287,78
80400,430.28827507112345,151.85958082874504,139.94601577456913,147.67215715371287,81
80500,402.7003316862005,141.45293746390414,134.09507500700664,134.62646791090836,78
80600,420.0593642431336,143.84464693763314,141.81912338747205,142.06502583162165,79
80700,421.35679359045986,144.98691788902363,135.62679422121226,150.48364062433805,82
80800,420.9152078956868,150.75461068806476,143.0507786401985,135.77957658764453,80
80900,444.52532719487004,152.63912186867665,145.82972022652714,154.43729109786418,82
81000,474.7453442020504,159.3038709042795,159.48795687418237,163.8769711626782,87
81100,403.9627953488484,144.15823991514216,131.09530766509488,139.87219919229406,80
81200,423.3662405091374,150.516853096588,139.54000446701403,142.6614305413239,79
81300,403.1955424010615,138.15304320583405,135.3253792666586,139.85783842727514,78
81400,397.9675354575936,140.81965051743188,127.69688683465378,140.3141565652261,78
81500,439.2841964751253,158.1284337957335,143.04053541771043,148.8103221319825,84
81600,396.3231400994752,138.29121248198808,123.68244012832547,145.91078856660621,80
81700,431.82136461054904,147.195147840517,151.61061247858265,141.7246089807537,81
81800,371.6899552812815,125.3085169550406,130.67710016325785,124.03694118081188,73
81900,452.3703100148425,155.54561932887225,151.9448535952923,154.31921319391552,85
82000,382.92405452371577,138.70221496040605,117.04085815417379,137.61713453118423,77
82100,434.3137967237702,150.1030848539426,138.578950201776,154.3171212933852,82
82200,403.1120302886331,141.4684103781892,135.26192255238118,133.81615215929116,77
82300,442.29259126239316,159.3492478812428,136.24660019705797,154.91364041641714,85
82400,442.74704042508375,152.60274432107582,141.44327147206866,154.6001959416798,83
82500,382.96661852939434,137.6659841685635,124.86546009131274,129.50331702634355,76
82600,387.05502382028345,136.2716974166534,123.79530937730487,134.91487514289824,76
82700,442.96517833529106,157.25291619194869,142.12067890539865,150.76400673629155,84
82800,432.5541456164815,154.64000452394183,136.03824340167628,152.00879957048056,83
82900,459.97789078630825,153.76393418086408,159.38506158118665,154.49159484748893,87
83000,431.8748802541233,149.09874390323412,137.8197006692209,153.06771440307003,81
83100,444.9387349598794,148.0702842858415,153.10887408800988,150.27813691777254,83
83200,393.6332392790245,132.4586782496629,129.48521665379033,140.9367631603517,78
83300,456.03221658839277,161.18662680956785,144.02514054520267,159.74716724523262,86
83400,404.0497157331524,143.88065996330815,119.36941187614333,149.2433642512832,79
83500,435.71137890753016,153.00733547146328,138.69786167072255,151.67765848409243,82
83600,429.8558717296053,153.08365581765145,126.31626756205684,157.4651233969333,81
83700,396.42588753142724,139.54949774644598,128.0241805904164,138.49000842021508,78
83800,410.0531539703874,151.06227818837405,128.0004791323755,141.7581952708149,81
83900,406.0708352163798,140.99967828503176,127.83622732015733,146.5139396171485,79
84000,466.4741397267984,158.50263826766187,158.6265543901959,158.20938355623193,86
84100,431.7212404424312,149.72311775873334,136.54667152534904,154.5338951826057,82
84200,441.49829278337756,151.8741375794674,146.45630215872768,153.79101373370935,84
84300,450.541675553092,154.46962133929674,147.3682727823513,155.98040804447137,84
84400,399.27872132184916,141.1423591371694,128.4214650418678,137.6048703658297,79
84500,444.04546963172913,152.73539099411,145.2381262714706,154.16273681059553,85
84600,393.2404332597929,135.8130240652352,128.040161558425,139.03316487176522,77
84700,371.5950029539375,135.33581198805737,108.19407728019426,138.24546271956578,76
84800,375.48825869878914,134.79938898900545,110.61973208629367,139.3041941992127,77
84900,431.11622079306255,145.37004184911058,139.70079343560448,154.4390244619112,84
85000,437.99429209654807,143.96392824988337,146.68760336135279,154.33143969727323,81
85100,396.23227141173516,144.38790493544423,116.73900048494689,145.8658793649417,80
85200,432.0278408079041,149.04714473912247,138.06512144152777,154.2788892446668,84
85300,462.7204093309134,155.7343582789377,152.4129268468571,162.4547894138542,86
85400,424.60218054815016,153.06295609861883,134.51960857241556,148.20904916696577,84
85500,434.2078062146638,151.21436146665775,143.69900211785418,149.5670147539359,83
85600,449.54442911684254,152.19227045372844,149.70732681219087,155.63617517870227,84
85700,421.5360383344745,140.76268688158092,135.29087822338957,153.95941705888472,82
85800,387.5221231842927,130.9558293541786,130.26667085948296,136.01985342899067,77
85900,389.5027383144207,137.31960349932334,131.58877942753793,130.59347359897606,78
86000,405.43539511711225,138.28288214559407,137.03691182698168,140.1429771240701,80
86100,368.6898981897243,122.42846063046154,123.51169172896952,130.4583939690746,73
86200,448.84614224234167,151.27294662855624,153.7847297186238,153.50209778766973,84
86300,400.1661380465132,137.61520226417855,132.6967264791299,141.3319003289002,79
86400,388.3563188845069,142.33676896635944,123.5259088032734,132.09664821928985,77
86500,441.92225881639314,158.51828826586552,132.7175844738211,158.15240793603937,85
86600,402.14914571504744,145.01338793047617,121.82522280349968,144.462925419362,80
86700,460.0870835083822,162.10213630499143,149.37756482839185,156.89240203367862,85
86800,379.3591029639049,130.87846561666223,118.47746007152142,139.887249094644,77
86900,458.6581196780283,159.6052856438001,147.36932687645046,160.5933758344968,86
87000,446.4235106546327,154.5441349619097,146.78753153526745,152.7195111103671,82
87100,416.0129264784176,143.80460319594425,135.8972120470825,146.52737076572495,81
87200,484.28326086997265,164.94226433574136,156.3424615469515,172.4231548724887,89
87300,464.97744128873944,163.74171708538506,150.8615041275772,159.6918980479068,87
87400,432.4431865519445,153.41093356364928,136.37926637926438,150.97381871749553,82
87500,406.5430111865701,145.3904035175272,120.66408336011307,150.44934164842152,82
87600,351.3235186272832,123.80138910856931,108.90644569730371,128.6649896870695,73
87700,401.9921756271072,138.30591416963833,127.47098211542647,144.10448203379562,79
87800,451.9955440654028,162.55257161637192,138.6604180104518,158.33080842831106,85
87900,425.5912370948775,149.44629049850514,126.12877213363655,158.9703312498796,84
88000,483.4280704780607,168.13015584359655,153.55038808699618,171.95062222536532,89
88100,394.3141528489512,142.46404932894083,113.80318295912255,148.68191828698502,80
88200,438.22863379315874,155.77951606397636,133.5587103495071,159.08503428842013,83
88300,455.9381875670079,159.7213620088034,149.64685106721944,155.73467996052923,85
88400,415.65152739185766,148.4726795945366,122.90185972385402,154.17020176787165,83
88500,436.51437931356094,142.66367050261607,144.05255116062153,158.26819812433232,83
88600,424.2708687240687,144.17837339041296,137.98110694463728,147.64378722787123,80
88700,414.2370800411211,143.0240377433403,132.75931069039632,148.13943366756345,81
88800,387.9751238722742,126.00437138285932,130.92516928978844,137.17072556299667,77
88900,402.7981823746662,140.68518030609093,126.10925829479012,145.47955126817232,79
89000,395.6577733426974,139.345255447178,126.27665201950148,140.2789359134642,78
89100,375.05936009384675,134.72008920618163,118.4785259037383,133.56722483092733,77
89200,417.1211465175196,146.1886045941943,131.92843531826352,149.82437545076118,80
89300,375.3927905095801,132.58562285803902,116.10636227154501,136.036227181551,76
89400,336.8793989980362,125.42870932539297,97.83109539324893,123.66879380319796,72
89500,419.1156655346421,149.752334254003,129.0077133022164,150.3414544537593,82
89600,435.8268940888587,159.2881798970795,135.9006752703282,150.87621596117728,84
89700,361.1558112362684,129.9283026777045,111.55504098310274,131.50070370805082,76
89800,368.31685909608933,134.60843324567435,116.64133237696325,125.29488113728067,74
89900,306.1532686039772,116.21285632974305,95.38491499508044,104.94021303464764,67
90000,421.68756990906934,150.70803222488024,128.64206760558505,148.211417330916,79
90100,380.112575924104,144.86540512256042,115.28146680976177,130.6986747455902,79
90200,406.2175771045946,149.13332595301426,125.15487024791595,141.22228546010737,80
90300,375.4752481283,146.72625039719324,108.5022423000307,131.04875121501155,77
90400,385.308800939272,134.08065666874103,131.46686220069176,130.02656868617018,79
90500,438.7228158064713,151.033134950784,140.8421502476744,153.40622772554818,84
90600,411.47756943277346,144.7650244944274,126.70370535423262,150.35392829186108,82
90700,377.2372382870017,128.2662299676514,121.54968382356614,137.8647434319297,77
90800,357.44558127581934,129.0692596600457,117.81496631441335,118.49373431829574,73
90900,403.457157966101,136.34541916427096,136.9990270943316,140.7126499195438,79
91000,383.2176326476293,137.41957075766857,125.18828710681618,129.34672784905203,77
91100,412.0827059621854,137.78466220606467,135.7260389504088,148.15501192932254,81
91200,380.5564976856684,129.8253079140528,124.53650623314351,135.61709190519818,77
91300,434.27265815488477,155.11283064288722,140.05728234838767,146.56692061968795,82
91400,302.50136824695795,109.83482816771544,93.88710050619247,108.65767366521575,67
91500,435.77891254705037,149.23702747550857,138.23164856636706,156.15588310188988,83
91600,291.5149767957098,107.48046524886226,84.65073820911702,109.95265610858722,66
91700,316.1874653348374,112.79277701141011,98.09916897197337,113.78663612947352,68
91800,357.57977860676414,133.53843848467093,111.07648591914395,121.48460983192544,72
91900,431.171884074817,141.89904285860305,143.40289317325286,155.7811168479807,80
92000,397.48757975506174,141.32295605927212,125.85248488572219,140.3895069088369,79
92100,352.96492005417093,129.8678301364421,114.73747979133785,118.04047009514383,71
92200,426.4354005377567,149.8859482738543,135.74557443775657,151.24931922095183,82
92300,385.3947679910444,137.23644211721057,127.01277512282824,131.201516416387,75
92400,372.7092320118952,132.7870693397785,116.4015876359817,133.59925478703894,75
92500,439.6282457735089,149.59298591327564,144.68824592169736,153.3295747285678,82
92600,446.1745218029381,155.98901611182902,145.1458257342412,156.46901141264544,83
92700,414.3753324966503,148.02059484511977,129.25746117767687,147.58732778881685,81
92800,454.14790743394985,155.88202785830694,153.70850656630705,155.2766263265543,87
92900,437.2187951089948,143.8108443444487,144.54609294609153,156.6180088599178,83
93000,440.32049748020586,145.5967538142735,143.46681015272478,162.05545470959802,86
93100,447.9330567253566,154.57815132277773,138.8399251337597,163.370228233776,85
93200,451.6704052537327,152.6953183400645,147.53559172950082,156.82563027944028,82
93300,445.3085514749208,152.7434269949395,147.51161757240462,154.41522453922371,84
93400,361.08829608403465,113.86631612626084,123.82281948857135,133.3726515445454,76
93500,397.534698694828,139.87085716828048,129.9364162632223,136.1911608562229,78
93600,400.5032921456926,139.33720198595492,126.36819451748325,144.99917563051162,79
93700,439.38758123336237,137.60990149528803,147.7745078062409,161.48408559003806,84
93800,423.86966178001853,145.50252131023834,135.01065168001278,152.12780221084657,82
93900,440.27720143887717,147.0110226662748,146.42503955590544,153.6765340606991,82
94000,335.12654162989537,115.04723490704932,106.94716005714925,122.14170757343362,69
94100,425.910547068194,148.90493322704515,139.1290064556037,147.33081590757584,81
94200,443.0278103412519,154.08676047271868,141.25245397088136,155.2810109750978,85
94300,427.6095532009956,148.74894432508188,135.25363824566955,152.25922032793366,83
94400,380.79661323318925,133.9316854496254,122.41168379118355,132.61767170094228,76
94500,441.1279954193241,148.18887462229145,141.40965509942535,160.90078677642524,84
94600,413.8999142131993,138.19046237140918,136.03603368830957,149.04538734021338,80
94700,409.92373038561317,146.17467809161536,132.86305769864285,143.32295314695645,81
94800,462.1195366995964,153.60584084111954,159.58508199648256,160.33861765271635,87
94900,399.7641317172761,140.97094732304143,121.69597291434626,145.4597108673901,81
95000,410.8159337571425,143.15413790394948,130.89040873118273,143.3103228166816,81
95100,420.2665146152246,148.4872535619793,130.54528561280634,151.46954203554074,82
95200,397.8620694410572,136.68197609528337,125.96903879039449,145.31129558844142,78
95300,463.74188845355843,152.22882634819322,155.5856926614812,165.88255121718026,88
95400,452.350067332222,160.67546128801948,137.02592595626302,163.97128827300054,86
95500,371.08009828179297,127.810157207842,119.71622619532283,132.72532103029297,76
95600,414.8243151685232,147.28343779262914,128.47809391867008,146.59686681058272,81
95700,458.7488194805194,151.05526711788485,148.12079731418507,165.14965428491578,85
95800,435.3017850948366,149.5991973386559,143.52518120329137,150.26261196301294,82
95900,450.65268211575426,153.99494027887172,144.6873849779544,159.30530319317043,85
96000,389.023825372761,132.43601746756647,129.58712363825023,137.99797018273645,77
96100,456.9990124070613,159.74601413400643,152.7849345099816,151.9465320813334,85
96200,476.4291793517477,162.9957513866267,150.3354585632135,170.42508310285467,88
96300,454.6201997254409,158.35339137666386,147.30979361130596,158.12704895172865,86
96400,393.40239592369176,135.57266873556918,125.13855837185329,141.4030195551135,77
96500,476.85156467151893,158.32516969981825,160.30179566738326,164.4501273517193,86
96600,445.4118617673801,154.53491218260066,144.04882092223204,154.50481928540162,83
96700,452.7120252962237,155.1458700767361,151.32257588569325,155.78859588967632,85
96800,441.3634261562227,151.13220699023236,140.0951938370505,158.7378205155541,84
96900,409.7994179807989,141.35399176800323,134.78623345100178,143.69349986408082,80
97000,377.3481646753599,130.17645374666884,125.46112383490856,131.46497350060133,78
97100,397.33620839376664,136.41729490363568,126.82099247805871,142.38784675249323,80
97200,421.6581566340361,137.31443516571477,140.1688780891886,154.7771048612857,82
97300,458.5789656594781,152.9589827518433,152.431794051164,160.93271960227543,84
97400,421.43876368852574,148.5245824588881,135.86146982013625,145.2141422755577,81
97500,426.931074031846,141.4150131155819,146.56288166210214,149.17946594473608,82
97600,427.96191114788604,145.4501547122302,132.72193525645287,159.07376586255762,83
97700,433.49641950720815,155.51929056720203,130.43711875657374,157.03513805489288,84
97800,381.88026889285584,135.7551292228197,117.58672882425293,138.37388946375592,76
97900,389.52640422000485,135.33375386955814,131.419758357897,132.8114353016327,75
98000,424.6493044464008,147.4098020892183,136.15782298510823,149.5401618176293,81
98100,437.811639745273,146.16615668229545,144.25785253109706,153.86362865204333,82
98200,415.4884451945802,140.77455973191454,139.0836309375319,143.12040291930455,81
98300,454.3386727968649,161.48780332061577,139.22255244657322,162.24077997279312,86
98400,430.6328206448429,147.31818923818847,139.4402886731394,152.0892746460299,82
98500,431.7167116040774,147.45083331275518,137.7086439568702,154.8808763620487,83
98600,457.69401960758165,155.39936629220207,151.2839956960066,158.78182706683012,84
98700,403.6899143974399,139.7435900413303,135.7689519930837,137.7443269202098,80
98800,397.7504217620545,137.49491375977158,128.29550400520336,141.4594983848199,78
98900,368.3843877000402,130.54681650103714,118.05421480027223,129.3246054985577,74
99000,418.6664737205228,139.62567891848533,138.62137588703317,149.5832567965871,81
99100,434.7694862677109,153.53694252490004,135.76594055037762,153.4906007144712,85
99200,459.1474558801541,151.61844152457383,157.61058579237732,157.6782914770016,86
99300,411.56409283261064,145.6510281343225,125.77269794477088,149.0876031689184,81
99400,395.6043900983633,143.54152136758722,123.18571158760022,137.17776160806739,79
99500,457.1958429291677,160.06241429767843,146.07946060140551,158.5362854198517,86
99600,454.8070883669446,159.31377369884393,148.84640080404176,154.90744439926175,84
99700,389.93501094728026,132.04011852312243,127.99921946039545,137.4067291337663,78
99800,445.49388506070085,152.79356550709798,143.7991129223463,157.91313755697186,83
99900,435.6628136518489,147.69620063991033,142.39675453075114,156.53085194831226,85
100000,416.98490039247105,146.44301271667555,133.40587503189752,146.16041759478924,79
